PoreID,IsKeyhole,BirthTime_s,DeathTime_s,Lifetime_s,NetDisp_m,MeanVolume_m3,MeanForce_N,NSnapshots,BirthCx_m,BirthCy_m,BirthCz_m
0,1,1e-05,0.001,0.00099,3.871299271352093e-05,3.627622063269307e-13,4.2698871154051926e-08,101,0.0002506602845,0.0005691403946,0.0002498785732
1,0,0.00014,0.00014,0.0,0.0,4.1835937829999994e-16,2.0911643216581065e-09,1,0.0002392857143,0.00041545875,0.0002453125
2,0,0.00019,0.00019,0.0,0.0,1.67343749e-15,4.578035197296206e-08,1,0.0002678571428,0.00039984,0.0002453125
3,0,0.00021,0.00021,0.0,0.0,1.673437513e-15,1.2347576010858525e-08,1,0.0002392857143,0.0003810975,0.0002546875
4,0,0.00024,0.00024,0.0,0.0,4.1835937829999994e-16,9.448594139489284e-10,1,0.000275,0.00035298375,0.0002453125
5,0,0.00027,0.00027,0.0,0.0,8.367187566999999e-16,4.207244884346196e-10,1,0.0002607142857,0.0003436125,0.0002546875
6,0,0.00027,0.00027,0.0,0.0,4.1835937249999997e-16,2.3655837785571368e-09,1,0.0002535714286,0.00035923125,0.0002546875
7,0,0.00031,0.00033,1.9999999999999998e-05,0.00016280111416174428,4.816775509999999e-16,5.112245338763148e-10,3,0.0002607142857,0.00037797375,0.0002828125
8,0,0.00035,0.00035,0.0,0.0,2.928515631e-15,1.6137183719156115e-08,1,0.0002596938775,0.00032710125,0.0002520089286
9,0,0.00037,0.00037,0.0,0.0,3.8070703140000005e-14,1.0408863441274347e-08,1,0.0002620486656,0.0003567597115,0.0002481971154
10,0,0.00039,0.00045,5.9999999999999995e-05,5.354753462722274e-05,1.3847695310428571e-13,5.080778139381479e-09,7,0.0002632677709,0.0003780944746,0.0002539175725
11,0,0.00039,0.00039,0.0,0.0,4.1835937249999997e-16,1.6333290664516337e-08,1,0.0002678571429,0.00045919125,0.0002453125
12,0,0.00043,0.00043,0.0,0.0,7.948828130000001e-15,2.4572947896644372e-08,1,0.0002712406015,0.0004621505921,0.0002502467105
13,0,0.00043,0.00043,0.0,0.0,1.255078117e-15,2.6989502151523934e-09,1,0.0002488095238,0.00044461375,0.0002546875
14,0,0.00043,0.00043,0.0,0.0,8.36718745e-16,1.7291473266654166e-09,1,0.0002464285714,0.000462315,0.0002546875
15,0,0.00045,0.00045,0.0,0.0,1.673437508e-15,3.7336775287840096e-09,1,0.0002625,0.000470124375,0.0002453125
16,0,0.0005,0.00059,9.000000000000002e-05,1.74175475382149e-05,1.3931367175650004e-14,7.952429779512715e-10,10,0.0002604497355,0.0004265654167,0.00025
17,0,0.00057,0.00057,0.0,0.0,4.1835937249999997e-16,5.094293180384227e-11,1,0.0002464285714,0.00042170625,0.0002453125
18,0,0.00057,0.00057,0.0,0.0,4.1835937249999997e-16,7.926277727046047e-11,1,0.0002535714286,0.00042170625,0.0002359375
19,0,0.00057,0.00057,0.0,0.0,4.1835937249999997e-16,1.068888638973464e-10,1,0.0002321428571,0.00043420125,0.0002359375
20,0,0.00057,0.00057,0.0,0.0,4.1835937249999997e-16,2.413905186047183e-11,1,0.0002321428571,0.00044044875,0.0002265625
21,0,0.00059,0.00059,0.0,0.0,4.1835937249999997e-16,5.3373730806286153e-11,1,0.0002464285714,0.00044669625,0.0002265625
22,0,0.00059,0.00059,0.0,0.0,4.1835937249999997e-16,5.951037755571339e-11,1,0.0002464285714,0.00044044875,0.0002359375
23,0,0.0007,0.0007,0.0,0.0,6.083138936999999e-16,2.13743731396988e-10,1,0.0002964285714,0.0005390593131,0.0003015625
24,0,0.00087,0.00087,0.0,0.0,6.940642435e-15,3.997824538464042e-08,1,0.0001599611475,0.0005656545871,0.0001984375
25,0,0.0009,0.0009,0.0,0.0,2.130847574e-15,1.5663771626395675e-17,1,0.0003488817095,0.0005557584542,0.0002453125
