case,n_snapshots,no_field,frac_up_mean,frac_up_poolweighted,frac_up_force_weighted,frac_up_final,median_force_density,max_liquid_cells
results/azimuthal-1T-reversed,8,False,0.7030091925240196,0.6424493800731425,0.7874182109874897,0.904,3024130.6325717755,5001
results_dc_0.2T/dc-bx-0.2T,22,False,0.6178042369421003,0.6370544364611792,0.4876306884645285,0.5993263468736842,204426.30493040595,230133
results_dc_0.2T/dc-by-0.2T,22,False,0.6178042369421003,0.6370544364611792,0.4876306884645285,0.5993263468736842,204426.30493040595,230133
results_dc_0.2T/dc-bz-0.2T,22,False,0.6178042369421003,0.6370544364611792,0.4876306884645285,0.5993263468736842,204426.30493040595,230133
results_matched_0.2T_f4000hz/dc-bx-0.2T,18,False,0.546422655026158,0.5686374714993317,0.523012298129029,0.6296971342149145,365967.99641268176,25787
openfoam_projects/results_weld_s5e6/rmf-xz-0.1T,21,False,0.5432223393110218,0.5593990054243545,0.5201920912356437,0.5987367021276596,155802.95152651332,33088
openfoam_projects/results_weld_s5e6/rmf-xz-0.2T,21,False,0.5331031132614558,0.551007124119298,0.5087484006241947,0.5855858697366346,313099.53375927097,31705
openfoam_projects/results_weld_s5e6/rmf-xy-0.2T,21,False,0.5152966715704108,0.5437757033748939,0.5092858316426108,0.6229030790232064,384717.38412852125,32965
openfoam_projects/results_spot/rmf-xz-0.2T,21,False,0.5261186210313218,0.5427096043521933,0.506132106163845,0.5491185487991824,72314.57759922968,31312
openfoam_projects/results/rmf-xz-0.2T,21,False,0.5251823512404101,0.538777504464737,0.5084600927643367,0.5375419530126259,69645.7866872049,31285
openfoam_projects/results/rmf-xz-0.1T,21,False,0.5201095550012804,0.5377772525694178,0.5064513663011967,0.5690052356020943,32956.255787072514,33425
openfoam_projects/results_spot/rmf-xy-0.2T,21,False,0.5030672644467453,0.5304940966534649,0.5040516709194505,0.5767937758140428,106204.01638555451,31233
openfoam_projects/results/rmf-xy-0.2T,21,False,0.5069354082373005,0.5267309145379588,0.5018734578037909,0.5639175257731959,92180.0500066372,32010
openfoam_projects/results/rmf-xy-0.1T,21,False,0.5087153847280224,0.5233689929041718,0.5047972337581411,0.5483439589488416,42549.937359041134,32155
openfoam_projects/results_spot/rmf-xy-0.1T,21,False,0.5103243424029335,0.52287163943068,0.5042234757376031,0.5239257967337878,40565.01644255441,31535
results_matched_0.2T_f4000hz/rmf-xz-0.2T,18,False,0.5113701132555738,0.5225043794313073,0.5106946929979498,0.6301971021072145,335954.7410879965,26433
openfoam_projects/results_weld_s5e6/rmf-xy-0.1T,21,False,0.5094546215754165,0.5185314765344259,0.502092140478189,0.5384985273787342,186079.27055858265,33274
openfoam_projects/results_spot/rmf-yz-0.2T,21,False,0.5221227929065891,0.510857572051473,0.5005395192196962,0.4764372070071552,70451.92564054234,32424
openfoam_projects/results_spot/rmf-yz-0.1T,21,False,0.5148246811947205,0.510801174148825,0.5058045022222697,0.5021465715322289,39072.46217890478,33076
openfoam_projects/results/rmf-yz-0.1T,21,False,0.5143337282612434,0.5098629477918624,0.5041639653777504,0.5025472367317986,36940.346957191585,31014
openfoam_projects/results/rmf-yz-0.2T,21,False,0.5200049061867125,0.5034706293008876,0.5006061671879561,0.41264471274713677,71864.86740686222,32219
results_matched_0.2T_f4000hz/dc-bz-0.2T,18,False,0.4994945089669205,0.4989586366965838,0.493253688635693,0.5206325769350326,335619.35720036144,25736
openfoam_projects/results_weld_s5e6/rmf-yz-0.1T,21,False,0.4966789416093936,0.4850658021484518,0.49513964261181925,0.43572480538607195,164733.75377961528,33271
openfoam_projects/results_weld_s5e6/rmf-yz-0.2T,21,False,0.5037754542495163,0.4820604139778798,0.5004047948920418,0.4072031344183243,353881.2063931255,33180
openfoam_projects/results_spot/rmf-xz-0.1T,23,False,0.4720100413948944,0.47000835421888054,0.4899195089230201,0.5021976233110858,125823.91728894385,6143
results/azimuthal-1T-3ms,20,False,0.42288801181154945,0.44970000355626605,0.27646672002574113,0.5804593415607173,1691216.1734088664,108088
results_matched_0.2T_f4000hz/rmf-yz-0.2T,18,False,0.47865515650655843,0.4392320279262572,0.48834846044877334,0.07418990203466466,537402.8816819595,26540
results_matched_0.2T_f4000hz/rmf-xy-0.2T,18,False,0.4489458453524977,0.4238656942880916,0.4492166283710339,0.497737556561086,984326.1333959746,9569
results/azimuthal-0.2T,18,False,0.3394698911727916,0.3501877260363727,0.2752136091136384,0.36471201071588033,301582.18120236555,26876
results/azimuthal-1T-rampdown,10,False,0.24519471332446593,0.27633598199365683,0.20625048464752016,0.0,3128191.7225904567,5729
results_matched_0.2T_f4000hz/dc-by-0.2T,20,False,0.0,0.0,0.0,0.0,477339.3755551531,26634
results_matched_0.2T_f4000hz/no-mhd,18,True,nan,nan,nan,nan,0.0,27121
openfoam_projects/results/no-mhd,21,True,nan,nan,nan,nan,0.0,31575
openfoam_projects/results_spot/no-mhd,21,True,nan,nan,nan,nan,0.0,32652
openfoam_projects/results_weld_s5e6/no-mhd,21,True,nan,nan,nan,nan,0.0,32866
