case,time,n_liquid,frac_up,frac_up_force_weighted,median_force_density,median_ef_y
results/azimuthal-0.2T,0.00016,1753,0.24871648602395893,0.1694326518215855,1790746.8170530144,-1146234.6
results/azimuthal-0.2T,0.00021,3282,0.31992687385740404,0.23207321012962034,1198382.3145268252,-557186.865
results/azimuthal-0.2T,0.00026,4386,0.3333333333333333,0.23135620279215374,853346.7199792385,-350286.665
results/azimuthal-0.2T,0.00031,5380,0.32509293680297396,0.2367076910908485,761813.984481819,-273996.23
results/azimuthal-0.2T,0.00036,6167,0.3244689476244527,0.1895658962116802,531218.244808141,-225613.57
results/azimuthal-0.2T,0.00041,7259,0.31133764981402395,0.2562579582821265,580324.1926426472,-186873.33
results/azimuthal-0.2T,0.00046,8814,0.3779214885409576,0.23564303745534687,363081.6393699411,-128338.29000000001
results/azimuthal-0.2T,0.00051,9912,0.3692493946731235,0.29097504488584625,417649.91230978223,-118241.975
results/azimuthal-0.2T,0.00056,11588,0.35717984121505003,0.281574829472341,306828.7886977779,-106571.845
results/azimuthal-0.2T,0.00061,12963,0.34066188382318907,0.3055906590544003,296335.57370695315,-86553.281
results/azimuthal-0.2T,0.00066,14339,0.3410977055582677,0.2796459841239533,254886.90297686675,-72590.091
results/azimuthal-0.2T,0.00071,16113,0.3148389499162167,0.29505862134401445,237621.8813385158,-92250.824
results/azimuthal-0.2T,0.00076,16999,0.32601917759868226,0.2983761928617169,231644.95328650967,-64074.828
results/azimuthal-0.2T,0.00081,18744,0.3413358941527956,0.3145121554536651,222284.74946264716,-57609.608
results/azimuthal-0.2T,0.00086,20447,0.38362595979850345,0.3313539921658461,190747.25548869534,-43682.506
results/azimuthal-0.2T,0.00091,22150,0.35769751693002255,0.3226079485689262,186114.42893770442,-45639.132
results/azimuthal-0.2T,0.00096,24815,0.37324199073141245,0.3292199545662639,171600.1618512146,-42932.523
results/azimuthal-0.2T,0.001,26876,0.36471201071588033,0.3538929337651559,173549.13945146865,-43247.5015
results/azimuthal-1T-3ms,0.00016,1911,0.2846677132391418,0.16961708548730065,9518365.51649415,-5172436.5
results/azimuthal-1T-3ms,0.00031,5235,0.33161413562559694,0.20323589833327216,3767198.635565064,-1693691.0
results/azimuthal-1T-3ms,0.00046,8900,0.3855056179775281,0.2698723400755589,2225633.108196046,-598411.4850000001
results/azimuthal-1T-3ms,0.00061,12422,0.3856061825792948,0.30800478709427587,1842682.0839377567,-460821.35
results/azimuthal-1T-3ms,0.00076,17054,0.40911223173449046,0.35044841428232487,1885474.0932962243,-324847.41000000003
results/azimuthal-1T-3ms,0.00091,23573,0.42031137318118184,0.37410071886855967,1429636.009969955,-211411.7
results/azimuthal-1T-3ms,0.00106,30459,0.4076627597754358,0.3764115571418948,1150796.8043358,-204361.79
results/azimuthal-1T-3ms,0.00121,38263,0.4041502234534668,0.39296348447558926,997577.9994451485,-206331.32
results/azimuthal-1T-3ms,0.00136,48138,0.4335659977564502,0.3543876035999599,849676.5974582296,-122861.85500000001
results/azimuthal-1T-3ms,0.00151,59725,0.4480033486814567,0.3534705280700073,883020.8560151514,-77687.847
results/azimuthal-1T-3ms,0.00166,70171,0.4369896395947044,0.2889315306571942,1035242.877719702,-119509.31
results/azimuthal-1T-3ms,0.00181,80531,0.4512672138679515,0.27312246576388827,1270133.6917075804,-112804.58
results/azimuthal-1T-3ms,0.00196,88175,0.4352821094414517,0.24816455876784654,1484409.193988286,-166472.07
results/azimuthal-1T-3ms,0.00211,89843,0.42235900404038157,0.2283075774933519,1579559.8926098521,-182970.92
results/azimuthal-1T-3ms,0.00226,90177,0.4042715991882631,0.22954275882945493,1746770.0986866704,-248765.11
results/azimuthal-1T-3ms,0.00241,94941,0.4418006972751498,0.22575305702902987,1635662.2481310621,-126772.39
results/azimuthal-1T-3ms,0.00256,99501,0.44371413352629624,0.2274535372278882,1761989.7956354087,-153407.37
results/azimuthal-1T-3ms,0.00271,106623,0.4266152706264127,0.22321393684643978,1828849.2177101828,-179874.99
results/azimuthal-1T-3ms,0.00286,108088,0.5048016431056176,0.20854248154538957,2061425.3443184448,17928.4715
results/azimuthal-1T-3ms,0.003,107284,0.5804593415607173,0.22379007892559535,1948585.3773432123,354493.45999999996
results/azimuthal-1T-rampdown,0.00011,199,0.1457286432160804,0.09733160361347344,50376476.60215682,-38995578.0
results/azimuthal-1T-rampdown,0.00021,3241,0.2838630052452947,0.18288717042992905,5882848.1176630035,-3495137.3
results/azimuthal-1T-rampdown,0.00031,4378,0.3145271813613522,0.2451888070029487,3804781.962151841,-1729805.85
results/azimuthal-1T-rampdown,0.00041,4464,0.23230286738351255,0.21245955328072333,2484429.340080944,-1362353.25
results/azimuthal-1T-rampdown,0.00051,4474,0.2919088064371927,0.24113933942682525,2404544.9315907164,-1108886.15
results/azimuthal-1T-rampdown,0.00061,5035,0.23157894736842105,0.1925656847110912,1989407.3249847821,-1141994.1
results/azimuthal-1T-rampdown,0.00071,5729,0.2672368650724385,0.3035118289149342,1393997.4686589146,-573530.18
results/azimuthal-1T-rampdown,0.00081,1424,0.47752808988764045,0.42737839709897735,1367424.7047080495,-49328.405
results/azimuthal-1T-rampdown,0.00091,275,0.20727272727272728,0.16004246199629898,3771954.105099969,-1565199.6
results/azimuthal-1T-rampdown,0.00101,104,0.0,0.0,12856630.549156565,-4447841.55
results/azimuthal-1T-reversed,0.00011,244,0.7745901639344263,0.8543104534627396,56111980.216312855,41231668.5
results/azimuthal-1T-reversed,0.00021,3323,0.7011736382786639,0.7938994194862832,5571932.441110927,2615068.0
results/azimuthal-1T-reversed,0.00031,4502,0.7081297201243891,0.7880008026577683,3684424.333209443,1513473.9
results/azimuthal-1T-reversed,0.00041,5001,0.586882623475305,0.7535384004806953,2361881.282581635,489386.93
results/azimuthal-1T-reversed,0.00051,4815,0.6346832814122534,0.7223497750778751,2363836.9319341085,863876.63
results/azimuthal-1T-reversed,0.00061,3865,0.5650711513583441,0.6527398284534958,996772.662126434,125568.91
results/azimuthal-1T-reversed,0.00071,547,0.7495429616087751,0.8008190101527953,1971711.7644371907,816065.2
results/azimuthal-1T-reversed,0.00081,125,0.904,0.9336879981282643,9632635.667164324,4085719.8
results_dc_0.2T/dc-bx-0.2T,1e-05,2798,0.5696926375982845,0.5509785147847005,6179287.9202581365,588113.905
results_dc_0.2T/dc-bx-0.2T,0.00013,11756,0.48707043211976864,0.4912016990314359,594564.0512432664,-14417.878499999999
results_dc_0.2T/dc-bx-0.2T,0.00025,21161,0.4934076839468834,0.4669960349375936,275010.7928891378,-2669.0866
results_dc_0.2T/dc-bx-0.2T,0.00037,28072,0.5898404103733257,0.4912479952795237,267045.1222772923,45740.7505
results_dc_0.2T/dc-bx-0.2T,0.00049,40552,0.5815496153087394,0.5415580477314581,159851.12036711536,23325.2325
results_dc_0.2T/dc-bx-0.2T,0.00061,53443,0.5892820388077017,0.5253954841808463,137631.20735105395,20606.795
results_dc_0.2T/dc-bx-0.2T,0.00073,73380,0.64518942491142,0.5550231239018988,151338.7283425812,35626.2715
results_dc_0.2T/dc-bx-0.2T,0.00085,95900,0.6912408759124088,0.5185069790637018,185708.00852535357,53198.6715
results_dc_0.2T/dc-bx-0.2T,0.00097,115689,0.6412796376492147,0.5303722928527318,205587.88132653272,42742.018
results_dc_0.2T/dc-bx-0.2T,0.00109,142427,0.6591446846454675,0.5209781407629607,208736.6157266285,48549.168
results_dc_0.2T/dc-bx-0.2T,0.00121,168239,0.6624801621502743,0.506073481165439,222356.8335281948,55329.847
results_dc_0.2T/dc-bx-0.2T,0.00133,191137,0.6565866368102461,0.5158929615091993,215328.61295829038,53852.321
results_dc_0.2T/dc-bx-0.2T,0.00145,210642,0.6466089383883556,0.5014914559185133,205654.60866497725,55061.509000000005
results_dc_0.2T/dc-bx-0.2T,0.00157,222774,0.6567014103979818,0.4801701624428187,194512.55536276638,59910.0075
results_dc_0.2T/dc-bx-0.2T,0.00169,228965,0.6738016727447427,0.48576135289035327,175722.7767036515,57092.288
results_dc_0.2T/dc-bx-0.2T,0.00181,230133,0.6405730599262166,0.4601770540308524,162692.73686677718,43198.606
results_dc_0.2T/dc-bx-0.2T,0.00193,225893,0.6214535200293945,0.4237077700173687,166736.21376381346,41674.093
results_dc_0.2T/dc-bx-0.2T,0.00205,222474,0.6446461159506279,0.44809112912246574,174407.53558993377,52909.387
results_dc_0.2T/dc-bx-0.2T,0.00217,214059,0.6271168229319953,0.44307123350372296,177545.1320549302,47168.886
results_dc_0.2T/dc-bx-0.2T,0.00229,202606,0.6141180419138623,0.43415641181957854,203264.7285342792,49389.9305
results_dc_0.2T/dc-bx-0.2T,0.00241,185921,0.6005830433356103,0.4267963714156162,227195.4958504252,51415.503
results_dc_0.2T/dc-bx-0.2T,0.0025,173383,0.5993263468736842,0.4102274498568483,242502.62407428792,56493.84
results_dc_0.2T/dc-by-0.2T,1e-05,2798,0.5696926375982845,0.5509785147847005,6179287.9202581365,588113.905
results_dc_0.2T/dc-by-0.2T,0.00013,11756,0.48707043211976864,0.4912016990314359,594564.0512432664,-14417.878499999999
results_dc_0.2T/dc-by-0.2T,0.00025,21161,0.4934076839468834,0.4669960349375936,275010.7928891378,-2669.0866
results_dc_0.2T/dc-by-0.2T,0.00037,28072,0.5898404103733257,0.4912479952795237,267045.1222772923,45740.7505
results_dc_0.2T/dc-by-0.2T,0.00049,40552,0.5815496153087394,0.5415580477314581,159851.12036711536,23325.2325
results_dc_0.2T/dc-by-0.2T,0.00061,53443,0.5892820388077017,0.5253954841808463,137631.20735105395,20606.795
results_dc_0.2T/dc-by-0.2T,0.00073,73380,0.64518942491142,0.5550231239018988,151338.7283425812,35626.2715
results_dc_0.2T/dc-by-0.2T,0.00085,95900,0.6912408759124088,0.5185069790637018,185708.00852535357,53198.6715
results_dc_0.2T/dc-by-0.2T,0.00097,115689,0.6412796376492147,0.5303722928527318,205587.88132653272,42742.018
results_dc_0.2T/dc-by-0.2T,0.00109,142427,0.6591446846454675,0.5209781407629607,208736.6157266285,48549.168
results_dc_0.2T/dc-by-0.2T,0.00121,168239,0.6624801621502743,0.506073481165439,222356.8335281948,55329.847
results_dc_0.2T/dc-by-0.2T,0.00133,191137,0.6565866368102461,0.5158929615091993,215328.61295829038,53852.321
results_dc_0.2T/dc-by-0.2T,0.00145,210642,0.6466089383883556,0.5014914559185133,205654.60866497725,55061.509000000005
results_dc_0.2T/dc-by-0.2T,0.00157,222774,0.6567014103979818,0.4801701624428187,194512.55536276638,59910.0075
results_dc_0.2T/dc-by-0.2T,0.00169,228965,0.6738016727447427,0.48576135289035327,175722.7767036515,57092.288
results_dc_0.2T/dc-by-0.2T,0.00181,230133,0.6405730599262166,0.4601770540308524,162692.73686677718,43198.606
results_dc_0.2T/dc-by-0.2T,0.00193,225893,0.6214535200293945,0.4237077700173687,166736.21376381346,41674.093
results_dc_0.2T/dc-by-0.2T,0.00205,222474,0.6446461159506279,0.44809112912246574,174407.53558993377,52909.387
results_dc_0.2T/dc-by-0.2T,0.00217,214059,0.6271168229319953,0.44307123350372296,177545.1320549302,47168.886
results_dc_0.2T/dc-by-0.2T,0.00229,202606,0.6141180419138623,0.43415641181957854,203264.7285342792,49389.9305
results_dc_0.2T/dc-by-0.2T,0.00241,185921,0.6005830433356103,0.4267963714156162,227195.4958504252,51415.503
results_dc_0.2T/dc-by-0.2T,0.0025,173383,0.5993263468736842,0.4102274498568483,242502.62407428792,56493.84
results_dc_0.2T/dc-bz-0.2T,1e-05,2798,0.5696926375982845,0.5509785147847005,6179287.9202581365,588113.905
results_dc_0.2T/dc-bz-0.2T,0.00013,11756,0.48707043211976864,0.4912016990314359,594564.0512432664,-14417.878499999999
results_dc_0.2T/dc-bz-0.2T,0.00025,21161,0.4934076839468834,0.4669960349375936,275010.7928891378,-2669.0866
results_dc_0.2T/dc-bz-0.2T,0.00037,28072,0.5898404103733257,0.4912479952795237,267045.1222772923,45740.7505
results_dc_0.2T/dc-bz-0.2T,0.00049,40552,0.5815496153087394,0.5415580477314581,159851.12036711536,23325.2325
results_dc_0.2T/dc-bz-0.2T,0.00061,53443,0.5892820388077017,0.5253954841808463,137631.20735105395,20606.795
results_dc_0.2T/dc-bz-0.2T,0.00073,73380,0.64518942491142,0.5550231239018988,151338.7283425812,35626.2715
results_dc_0.2T/dc-bz-0.2T,0.00085,95900,0.6912408759124088,0.5185069790637018,185708.00852535357,53198.6715
results_dc_0.2T/dc-bz-0.2T,0.00097,115689,0.6412796376492147,0.5303722928527318,205587.88132653272,42742.018
results_dc_0.2T/dc-bz-0.2T,0.00109,142427,0.6591446846454675,0.5209781407629607,208736.6157266285,48549.168
results_dc_0.2T/dc-bz-0.2T,0.00121,168239,0.6624801621502743,0.506073481165439,222356.8335281948,55329.847
results_dc_0.2T/dc-bz-0.2T,0.00133,191137,0.6565866368102461,0.5158929615091993,215328.61295829038,53852.321
results_dc_0.2T/dc-bz-0.2T,0.00145,210642,0.6466089383883556,0.5014914559185133,205654.60866497725,55061.509000000005
results_dc_0.2T/dc-bz-0.2T,0.00157,222774,0.6567014103979818,0.4801701624428187,194512.55536276638,59910.0075
results_dc_0.2T/dc-bz-0.2T,0.00169,228965,0.6738016727447427,0.48576135289035327,175722.7767036515,57092.288
results_dc_0.2T/dc-bz-0.2T,0.00181,230133,0.6405730599262166,0.4601770540308524,162692.73686677718,43198.606
results_dc_0.2T/dc-bz-0.2T,0.00193,225893,0.6214535200293945,0.4237077700173687,166736.21376381346,41674.093
results_dc_0.2T/dc-bz-0.2T,0.00205,222474,0.6446461159506279,0.44809112912246574,174407.53558993377,52909.387
results_dc_0.2T/dc-bz-0.2T,0.00217,214059,0.6271168229319953,0.44307123350372296,177545.1320549302,47168.886
results_dc_0.2T/dc-bz-0.2T,0.00229,202606,0.6141180419138623,0.43415641181957854,203264.7285342792,49389.9305
results_dc_0.2T/dc-bz-0.2T,0.00241,185921,0.6005830433356103,0.4267963714156162,227195.4958504252,51415.503
results_dc_0.2T/dc-bz-0.2T,0.0025,173383,0.5993263468736842,0.4102274498568483,242502.62407428792,56493.84
results_matched_0.2T_f4000hz/dc-bx-0.2T,0.00016,1393,0.49748743718592964,0.4947491277337786,3617530.919011833,-27242.612
results_matched_0.2T_f4000hz/dc-bx-0.2T,0.00021,3201,0.49547016557325835,0.504385970517645,1580309.9965880415,-28342.324
results_matched_0.2T_f4000hz/dc-bx-0.2T,0.00026,4480,0.4973214285714286,0.4899725626956773,1127697.4153563464,-9026.4672
results_matched_0.2T_f4000hz/dc-bx-0.2T,0.00031,5267,0.4959179798746915,0.4874847743055503,856939.1639200314,-10836.939
results_matched_0.2T_f4000hz/dc-bx-0.2T,0.00036,6358,0.5382195659012268,0.5327001974517693,725563.8192215578,77210.86050000001
results_matched_0.2T_f4000hz/dc-bx-0.2T,0.00041,7505,0.4999333777481679,0.510104342807396,600057.3748516014,-836.01198
results_matched_0.2T_f4000hz/dc-bx-0.2T,0.00046,8748,0.5274348422496571,0.5122129001411537,530127.8792271363,35164.306500000006
results_matched_0.2T_f4000hz/dc-bx-0.2T,0.00051,10153,0.5102925243770314,0.518132733118917,424437.08851160266,9495.2738
results_matched_0.2T_f4000hz/dc-bx-0.2T,0.00056,11150,0.5337219730941704,0.5306208054163926,396783.6098972601,27251.171000000002
results_matched_0.2T_f4000hz/dc-bx-0.2T,0.00061,12853,0.5622033766435851,0.5154168885170574,335152.3829281035,43521.45
results_matched_0.2T_f4000hz/dc-bx-0.2T,0.00066,13669,0.5721706050186554,0.5491373714026984,301770.4970327216,42275.767
results_matched_0.2T_f4000hz/dc-bx-0.2T,0.00071,15686,0.5476858345021038,0.536898326693253,233582.71287961135,25811.6955
results_matched_0.2T_f4000hz/dc-bx-0.2T,0.00076,16525,0.5607261724659607,0.5172522307707,259636.73449888328,29947.363
results_matched_0.2T_f4000hz/dc-bx-0.2T,0.00081,19171,0.5962130300975431,0.5756558757446214,213858.93060231066,36805.662
results_matched_0.2T_f4000hz/dc-bx-0.2T,0.00086,20880,0.5833333333333334,0.5330411441402442,187425.24529070826,28653.561
results_matched_0.2T_f4000hz/dc-bx-0.2T,0.00091,22288,0.5898689877961235,0.5152230572534795,179951.70843000564,31505.3155
results_matched_0.2T_f4000hz/dc-bx-0.2T,0.00096,23828,0.5979100218230653,0.5358369832779653,185666.94683103845,30177.906000000003
results_matched_0.2T_f4000hz/dc-bx-0.2T,0.001,25787,0.6296971342149145,0.5553960743342239,169354.57221748435,41493.059
results_matched_0.2T_f4000hz/dc-by-0.2T,1e-05,100,0.0,0.0,12806130.892556883,0.0
results_matched_0.2T_f4000hz/dc-by-0.2T,0.00011,229,0.0,0.0,13772555.066464536,0.0
results_matched_0.2T_f4000hz/dc-by-0.2T,0.00016,1926,0.0,0.0,3227336.4941166774,0.0
results_matched_0.2T_f4000hz/dc-by-0.2T,0.00021,3437,0.0,0.0,1764332.5199904835,0.0
results_matched_0.2T_f4000hz/dc-by-0.2T,0.00026,4474,0.0,0.0,1320454.6740247144,0.0
results_matched_0.2T_f4000hz/dc-by-0.2T,0.00031,5492,0.0,0.0,1118644.271486361,0.0
results_matched_0.2T_f4000hz/dc-by-0.2T,0.00036,6453,0.0,0.0,916500.9004493757,0.0
results_matched_0.2T_f4000hz/dc-by-0.2T,0.00041,7742,0.0,0.0,701565.6589865934,0.0
results_matched_0.2T_f4000hz/dc-by-0.2T,0.00046,8633,0.0,0.0,582620.2910566302,0.0
results_matched_0.2T_f4000hz/dc-by-0.2T,0.00051,9926,0.0,0.0,519518.9948665794,0.0
results_matched_0.2T_f4000hz/dc-by-0.2T,0.00056,11371,0.0,0.0,435159.75624372676,0.0
results_matched_0.2T_f4000hz/dc-by-0.2T,0.00061,13164,0.0,0.0,375894.81448971445,0.0
results_matched_0.2T_f4000hz/dc-by-0.2T,0.00066,14263,0.0,0.0,341449.7652536207,0.0
results_matched_0.2T_f4000hz/dc-by-0.2T,0.00071,15713,0.0,0.0,282560.38677586627,0.0
results_matched_0.2T_f4000hz/dc-by-0.2T,0.00076,16763,0.0,0.0,278418.20391032804,0.0
results_matched_0.2T_f4000hz/dc-by-0.2T,0.00081,18800,0.0,0.0,239777.4382038768,0.0
results_matched_0.2T_f4000hz/dc-by-0.2T,0.00086,20012,0.0,0.0,248085.98249262956,0.0
results_matched_0.2T_f4000hz/dc-by-0.2T,0.00091,21960,0.0,0.0,220068.72182812268,0.0
results_matched_0.2T_f4000hz/dc-by-0.2T,0.00096,24951,0.0,0.0,189713.60169620902,0.0
results_matched_0.2T_f4000hz/dc-by-0.2T,0.001,26634,0.0,0.0,195992.96961740148,0.0
results_matched_0.2T_f4000hz/dc-bz-0.2T,0.00016,1812,0.49337748344370863,0.5253849059542487,2395300.5622780873,-29095.9795
results_matched_0.2T_f4000hz/dc-bz-0.2T,0.00021,3142,0.5085932527052832,0.5071966361257672,1250732.4059447353,35464.01
results_matched_0.2T_f4000hz/dc-bz-0.2T,0.00026,4416,0.5183423913043478,0.48831285938413405,968054.7524962756,28966.002999999997
results_matched_0.2T_f4000hz/dc-bz-0.2T,0.00031,5518,0.494925697716564,0.503489723022271,713531.478384339,-7423.80385
results_matched_0.2T_f4000hz/dc-bz-0.2T,0.00036,6385,0.4964761158966327,0.5119680245903849,629296.0392053461,-4655.5013
results_matched_0.2T_f4000hz/dc-bz-0.2T,0.00041,7508,0.5294352690463505,0.5048355901178616,504045.6840893377,30101.2245
results_matched_0.2T_f4000hz/dc-bz-0.2T,0.00046,8464,0.5363894139886578,0.4988184171976762,405401.52095950616,33130.051
results_matched_0.2T_f4000hz/dc-bz-0.2T,0.00051,10051,0.409411998806089,0.4660799969737617,400382.62305912777,-57794.348
results_matched_0.2T_f4000hz/dc-bz-0.2T,0.00056,11482,0.4726528479358997,0.5021215970180818,382214.6802685691,-13720.79
results_matched_0.2T_f4000hz/dc-bz-0.2T,0.00061,12317,0.5280506616870991,0.5086408460512398,289024.0341321538,16341.455
results_matched_0.2T_f4000hz/dc-bz-0.2T,0.00066,14206,0.521399408700549,0.4991263418674663,244080.99241245957,9475.017749999999
results_matched_0.2T_f4000hz/dc-bz-0.2T,0.00071,15083,0.4972485579791819,0.47897745566727223,238407.9985369461,-1412.7882
results_matched_0.2T_f4000hz/dc-bz-0.2T,0.00076,16568,0.517262192177692,0.48262847728958375,216068.01900313242,7213.3831
results_matched_0.2T_f4000hz/dc-bz-0.2T,0.00081,18008,0.4547978676143936,0.4654670829502107,194979.85060036316,-12745.4215
results_matched_0.2T_f4000hz/dc-bz-0.2T,0.00086,19986,0.5288201741218853,0.5040614113745017,186616.53971781957,8352.61865
results_matched_0.2T_f4000hz/dc-bz-0.2T,0.00091,21727,0.45141989229990337,0.4627303906568671,184257.49049305482,-13364.223
results_matched_0.2T_f4000hz/dc-bz-0.2T,0.00096,24217,0.5116653590452988,0.4857804697153417,164664.88005784212,2898.18
results_matched_0.2T_f4000hz/dc-bz-0.2T,0.001,25736,0.5206325769350326,0.4829461694858025,162056.38886015443,5491.546850000001
results_matched_0.2T_f4000hz/no-mhd,0.00016,1699,nan,nan,0.0,0.0
results_matched_0.2T_f4000hz/no-mhd,0.00021,3109,nan,nan,0.0,0.0
results_matched_0.2T_f4000hz/no-mhd,0.00026,4452,nan,nan,0.0,0.0
results_matched_0.2T_f4000hz/no-mhd,0.00031,5138,nan,nan,0.0,0.0
results_matched_0.2T_f4000hz/no-mhd,0.00036,6530,nan,nan,0.0,0.0
results_matched_0.2T_f4000hz/no-mhd,0.00041,7781,nan,nan,0.0,0.0
results_matched_0.2T_f4000hz/no-mhd,0.00046,9087,nan,nan,0.0,0.0
results_matched_0.2T_f4000hz/no-mhd,0.00051,9975,nan,nan,0.0,0.0
results_matched_0.2T_f4000hz/no-mhd,0.00056,11708,nan,nan,0.0,0.0
results_matched_0.2T_f4000hz/no-mhd,0.00061,12845,nan,nan,0.0,0.0
results_matched_0.2T_f4000hz/no-mhd,0.00066,13989,nan,nan,0.0,0.0
results_matched_0.2T_f4000hz/no-mhd,0.00071,14729,nan,nan,0.0,0.0
results_matched_0.2T_f4000hz/no-mhd,0.00076,16796,nan,nan,0.0,0.0
results_matched_0.2T_f4000hz/no-mhd,0.00081,18556,nan,nan,0.0,0.0
results_matched_0.2T_f4000hz/no-mhd,0.00086,21044,nan,nan,0.0,0.0
results_matched_0.2T_f4000hz/no-mhd,0.00091,22114,nan,nan,0.0,0.0
results_matched_0.2T_f4000hz/no-mhd,0.00096,23706,nan,nan,0.0,0.0
results_matched_0.2T_f4000hz/no-mhd,0.001,27121,nan,nan,0.0,0.0
results_matched_0.2T_f4000hz/rmf-xy-0.2T,0.00016,1805,0.45263157894736844,0.41527572103888427,3266031.4001103737,-258262.45
results_matched_0.2T_f4000hz/rmf-xy-0.2T,0.00021,3249,0.5638658048630347,0.5356191110136083,1801289.1364339208,168294.63
results_matched_0.2T_f4000hz/rmf-xy-0.2T,0.00026,4337,0.4627622780724003,0.4709329398702056,1207108.2169131332,-113379.67
results_matched_0.2T_f4000hz/rmf-xy-0.2T,0.00031,5590,0.3483005366726297,0.40129149152683835,1125874.0838854518,-25060.6285
results_matched_0.2T_f4000hz/rmf-xy-0.2T,0.00036,6903,0.5604809503114588,0.5089530563861108,687962.7976001735,101805.36
results_matched_0.2T_f4000hz/rmf-xy-0.2T,0.00041,7598,0.3060015793629903,0.39208870972397947,685658.5176079604,-161427.58500000002
results_matched_0.2T_f4000hz/rmf-xy-0.2T,0.00046,8309,0.776146347334216,0.6733355321796713,719116.3825902267,213981.27
results_matched_0.2T_f4000hz/rmf-xy-0.2T,0.00051,9569,0.23283519699028113,0.22582225422422014,230002.56766837387,-138570.85
results_matched_0.2T_f4000hz/rmf-xy-0.2T,0.00056,6077,0.012012506170807964,0.045971083514412966,535260.5798942195,-32624.836
results_matched_0.2T_f4000hz/rmf-xy-0.2T,0.00061,3236,0.8368355995055624,0.7822127263140748,246315.07265847508,146437.855
results_matched_0.2T_f4000hz/rmf-xy-0.2T,0.00066,1682,0.058858501783590964,0.1656150008646351,593405.5134033845,-318965.745
results_matched_0.2T_f4000hz/rmf-xy-0.2T,0.00071,887,0.8883878241262683,0.7640562420368755,681684.2341741049,269629.47
results_matched_0.2T_f4000hz/rmf-xy-0.2T,0.00076,585,0.38461538461538464,0.41480118806095423,842778.1829064975,-209125.69
results_matched_0.2T_f4000hz/rmf-xy-0.2T,0.00081,414,0.2318840579710145,0.28859023168049663,1133729.0816680994,-35611.316999999995
results_matched_0.2T_f4000hz/rmf-xy-0.2T,0.00086,322,0.531055900621118,0.5422090062159217,1620847.8062657532,149724.10499999998
results_matched_0.2T_f4000hz/rmf-xy-0.2T,0.00091,268,0.3805970149253731,0.38550746013002285,2048773.559966091,-326276.23
results_matched_0.2T_f4000hz/rmf-xy-0.2T,0.00096,241,0.5560165975103735,0.578955324950268,1940081.331837702,139464.94
results_matched_0.2T_f4000hz/rmf-xy-0.2T,0.001,221,0.497737556561086,0.4946622309474296,2525492.326283531,-276009.47
results_matched_0.2T_f4000hz/rmf-xz-0.2T,0.00016,1830,0.5,0.5268139376288161,2095871.8542926968,-44.91380000000001
results_matched_0.2T_f4000hz/rmf-xz-0.2T,0.00021,3434,0.5043680838672102,0.5287683894424065,1092019.4489978743,9157.7752
results_matched_0.2T_f4000hz/rmf-xz-0.2T,0.00026,4470,0.47807606263982105,0.483847008706478,1012684.042658509,-58041.558
results_matched_0.2T_f4000hz/rmf-xz-0.2T,0.00031,5471,0.5011880826174374,0.5180434012861679,681695.1117246986,455.05838
results_matched_0.2T_f4000hz/rmf-xz-0.2T,0.00036,6459,0.49311038860504725,0.524967094443905,679745.5145850385,-10402.498
results_matched_0.2T_f4000hz/rmf-xz-0.2T,0.00041,7446,0.5060435132957293,0.5148261407476746,592506.861756348,8835.429950000002
results_matched_0.2T_f4000hz/rmf-xz-0.2T,0.00046,8774,0.5104855254160018,0.5327136395008769,449877.7195216988,11706.2765
results_matched_0.2T_f4000hz/rmf-xz-0.2T,0.00051,10041,0.516482422069515,0.5043968007912746,449476.1520742799,15616.61
results_matched_0.2T_f4000hz/rmf-xz-0.2T,0.00056,10513,0.511557119756492,0.4891903651682128,314542.951539756,6423.397
results_matched_0.2T_f4000hz/rmf-xz-0.2T,0.00061,12150,0.4846913580246914,0.4785453964516132,355641.0185285529,-8792.85745
results_matched_0.2T_f4000hz/rmf-xz-0.2T,0.00066,13481,0.46636006230991767,0.4860801224625452,316268.4636474402,-16008.748
results_matched_0.2T_f4000hz/rmf-xz-0.2T,0.00071,15125,0.5815537190082645,0.5531782692784848,281171.3371783202,42288.632
results_matched_0.2T_f4000hz/rmf-xz-0.2T,0.00076,17231,0.5332250014508734,0.5238685899495771,281989.91175654426,19785.812
results_matched_0.2T_f4000hz/rmf-xz-0.2T,0.00081,18601,0.4586312563840654,0.4665239241426628,222046.17981466197,-13133.55
results_matched_0.2T_f4000hz/rmf-xz-0.2T,0.00086,20349,0.42483660130718953,0.462107099996578,214218.12659699933,-31387.872
results_matched_0.2T_f4000hz/rmf-xz-0.2T,0.00091,22190,0.517575484452456,0.499544109854405,199298.97367570392,5375.2320500000005
results_matched_0.2T_f4000hz/rmf-xz-0.2T,0.00096,24913,0.5862802552884037,0.5307437072910735,234937.86729305598,33761.816
results_matched_0.2T_f4000hz/rmf-xz-0.2T,0.001,26433,0.6301971021072145,0.5683464768203457,252468.34151344193,44890.768
results_matched_0.2T_f4000hz/rmf-yz-0.2T,0.00016,1737,0.5348301669545192,0.5341310869259948,2513408.019292954,150741.71
results_matched_0.2T_f4000hz/rmf-yz-0.2T,0.00021,3230,0.4386996904024768,0.48259493027011535,1473376.9496259252,-175882.555
results_matched_0.2T_f4000hz/rmf-yz-0.2T,0.00026,4393,0.65490553152743,0.588479427282288,1363272.8559229583,91692.374
results_matched_0.2T_f4000hz/rmf-yz-0.2T,0.00031,5564,0.5224658519051042,0.5076159546646878,808461.2074173884,37482.778999999995
results_matched_0.2T_f4000hz/rmf-yz-0.2T,0.00036,6530,0.29433384379785604,0.40666504508340456,892370.3615747639,-131298.46000000002
results_matched_0.2T_f4000hz/rmf-yz-0.2T,0.00041,7550,0.6709933774834437,0.6020686597423086,673847.351757942,180299.905
results_matched_0.2T_f4000hz/rmf-yz-0.2T,0.00046,8505,0.2818342151675485,0.36861011184450154,487601.30938233965,-161993.64
results_matched_0.2T_f4000hz/rmf-yz-0.2T,0.00051,9814,0.8693702873446097,0.7377996502065748,668014.1721123825,114916.465
results_matched_0.2T_f4000hz/rmf-yz-0.2T,0.00056,10877,0.5602647788912384,0.5172517103486263,373146.7969576768,52338.628
results_matched_0.2T_f4000hz/rmf-yz-0.2T,0.00061,12459,0.1114054097439602,0.26788461762940163,613440.9230715057,-175719.86
results_matched_0.2T_f4000hz/rmf-yz-0.2T,0.00066,13611,0.8366027477775329,0.6902071472361904,513939.78840123856,270995.47
results_matched_0.2T_f4000hz/rmf-yz-0.2T,0.00071,14907,0.1846112564566982,0.30899397337711004,412928.5607677494,-219579.81
results_matched_0.2T_f4000hz/rmf-yz-0.2T,0.00076,17184,0.9027583798882681,0.7730029334202434,547924.1947437907,110302.93
results_matched_0.2T_f4000hz/rmf-yz-0.2T,0.00081,18489,0.5410243928822543,0.5303075778517369,279385.589042693,32792.388
results_matched_0.2T_f4000hz/rmf-yz-0.2T,0.00086,20804,0.07200538358008075,0.22115238351796762,526881.5686201283,-165960.65999999997
results_matched_0.2T_f4000hz/rmf-yz-0.2T,0.00091,22017,0.8785483944224917,0.7779176684895972,400036.59828337206,230660.1
results_matched_0.2T_f4000hz/rmf-yz-0.2T,0.00096,24964,0.18694920685787533,0.2842001298811643,321405.0216376168,-181371.875
results_matched_0.2T_f4000hz/rmf-yz-0.2T,0.001,26540,0.07418990203466466,0.19138928030600702,498325.58505982964,-4.15797655e-10
openfoam_projects/results/no-mhd,1e-05,273,nan,nan,0.0,0.0
openfoam_projects/results/no-mhd,6e-05,2043,nan,nan,0.0,0.0
openfoam_projects/results/no-mhd,0.00011,3427,nan,nan,0.0,0.0
openfoam_projects/results/no-mhd,0.00016,5144,nan,nan,0.0,0.0
openfoam_projects/results/no-mhd,0.00021,5969,nan,nan,0.0,0.0
openfoam_projects/results/no-mhd,0.00026,6897,nan,nan,0.0,0.0
openfoam_projects/results/no-mhd,0.00031,8195,nan,nan,0.0,0.0
openfoam_projects/results/no-mhd,0.00036,9152,nan,nan,0.0,0.0
openfoam_projects/results/no-mhd,0.00041,10301,nan,nan,0.0,0.0
openfoam_projects/results/no-mhd,0.00046,12402,nan,nan,0.0,0.0
openfoam_projects/results/no-mhd,0.00051,12912,nan,nan,0.0,0.0
openfoam_projects/results/no-mhd,0.00056,14210,nan,nan,0.0,0.0
openfoam_projects/results/no-mhd,0.00061,15484,nan,nan,0.0,0.0
openfoam_projects/results/no-mhd,0.00066,18692,nan,nan,0.0,0.0
openfoam_projects/results/no-mhd,0.00071,19308,nan,nan,0.0,0.0
openfoam_projects/results/no-mhd,0.00076,20861,nan,nan,0.0,0.0
openfoam_projects/results/no-mhd,0.00081,22906,nan,nan,0.0,0.0
openfoam_projects/results/no-mhd,0.00086,26294,nan,nan,0.0,0.0
openfoam_projects/results/no-mhd,0.00091,27683,nan,nan,0.0,0.0
openfoam_projects/results/no-mhd,0.00096,29811,nan,nan,0.0,0.0
openfoam_projects/results/no-mhd,0.001,31575,nan,nan,0.0,0.0
openfoam_projects/results/rmf-xy-0.1T,1e-05,272,0.4889705882352941,0.5121210749371057,1427429.430291396,-39696.934511477535
openfoam_projects/results/rmf-xy-0.1T,6e-05,2028,0.4980276134122288,0.5035140551042618,232970.2178673974,-1497.4794799057636
openfoam_projects/results/rmf-xy-0.1T,0.00011,3131,0.5311402107952731,0.5287655193089494,151230.06239849713,10294.680403361832
openfoam_projects/results/rmf-xy-0.1T,0.00016,5062,0.5059265112603714,0.5123350561143991,88825.13680814908,1163.8989264404809
openfoam_projects/results/rmf-xy-0.1T,0.00021,6252,0.4985604606525912,0.49501902018375316,75468.03900001277,-290.1990003786067
openfoam_projects/results/rmf-xy-0.1T,0.00026,7327,0.4853282380237478,0.48594705844468344,78080.02074967424,-1840.6561441913307
openfoam_projects/results/rmf-xy-0.1T,0.00031,8223,0.5111273257935061,0.5016578437872407,62912.276413797605,1221.8542121771195
openfoam_projects/results/rmf-xy-0.1T,0.00036,9519,0.48376930349826663,0.49118766393843427,55431.03519098915,-1265.046387986102
openfoam_projects/results/rmf-xy-0.1T,0.00041,11082,0.4776213679841184,0.47337207531708675,45224.24541578205,-1151.8695256888045
openfoam_projects/results/rmf-xy-0.1T,0.00046,11522,0.45278597465717757,0.4439640162222911,45959.055386618296,-1886.7168030673465
openfoam_projects/results/rmf-xy-0.1T,0.00051,12712,0.44052863436123346,0.47086582344411015,40895.31402407924,-1370.0186833126882
openfoam_projects/results/rmf-xy-0.1T,0.00056,14772,0.44489574871378285,0.4716510623659824,36806.587462877345,-815.0494747184481
openfoam_projects/results/rmf-xy-0.1T,0.00061,15799,0.4481296284574973,0.5091034116688777,42549.937359041134,-241.8632386572381
openfoam_projects/results/rmf-xy-0.1T,0.00066,17425,0.5314203730272596,0.511920294540193,27938.89117477395,171.80366023866958
openfoam_projects/results/rmf-xy-0.1T,0.00071,20037,0.5538753306383191,0.5447924381452715,35617.06748235977,1108.5686582651165
openfoam_projects/results/rmf-xy-0.1T,0.00076,21040,0.563403041825095,0.5268576466524059,26970.736251244758,1460.3080273649762
openfoam_projects/results/rmf-xy-0.1T,0.00081,22686,0.5579652649210967,0.5494232828559216,24280.376798261324,1504.0756431949048
openfoam_projects/results/rmf-xy-0.1T,0.00086,24751,0.5545634519817381,0.5002968271545813,22443.576760205648,1405.4100386301598
openfoam_projects/results/rmf-xy-0.1T,0.00091,28547,0.5350474655830735,0.50801382176698,21364.46964086987,1140.330497352146
openfoam_projects/results/rmf-xy-0.1T,0.00096,30485,0.5715925865179596,0.5293468928921814,33530.880601870085,5367.491535739921
openfoam_projects/results/rmf-xy-0.1T,0.001,32155,0.5483439589488416,0.5305870240762542,26243.39467386026,3048.7713990828506
openfoam_projects/results/rmf-xy-0.2T,1e-05,273,0.4835164835164835,0.5126855345713895,2840250.4643205935,-60380.625749372106
openfoam_projects/results/rmf-xy-0.2T,6e-05,2101,0.5064255116611137,0.5081959604743601,546139.1478431033,9603.68226346667
openfoam_projects/results/rmf-xy-0.2T,0.00011,2999,0.5548516172057353,0.4877255963603386,314064.31333385926,33231.73605641956
openfoam_projects/results/rmf-xy-0.2T,0.00016,5062,0.5106677202686685,0.5095677927778677,206456.98080228816,4649.958101431252
openfoam_projects/results/rmf-xy-0.2T,0.00021,5857,0.4903534232542257,0.5112807705933938,185465.05749448368,-4626.6328798437235
openfoam_projects/results/rmf-xy-0.2T,0.00026,7614,0.4587601786183346,0.48357507168102476,180638.6632537797,-14940.427393660182
openfoam_projects/results/rmf-xy-0.2T,0.00031,8316,0.4692159692159692,0.472844390280671,122130.33458070982,-6951.962589041246
openfoam_projects/results/rmf-xy-0.2T,0.00036,9468,0.45236586396282213,0.481658712963414,109903.28335013564,-8036.554731733962
openfoam_projects/results/rmf-xy-0.2T,0.00041,10268,0.4336774444877289,0.46305884912814543,108378.81491091066,-8095.379665610697
openfoam_projects/results/rmf-xy-0.2T,0.00046,12113,0.41393544126145465,0.4486748192897523,95989.64711109857,-7085.942385985383
openfoam_projects/results/rmf-xy-0.2T,0.00051,13033,0.4382720785697844,0.47347366721938094,92180.0500066372,-4166.895337146767
openfoam_projects/results/rmf-xy-0.2T,0.00056,14287,0.43900048995590396,0.4721317998603416,76151.02797834443,-1623.5632682378355
openfoam_projects/results/rmf-xy-0.2T,0.00061,16989,0.44258049326034493,0.44817761434823256,91307.58271494207,-644.7657714619301
openfoam_projects/results/rmf-xy-0.2T,0.00066,18057,0.5647117461372321,0.5073542417620733,58611.14856216094,758.3785119471999
openfoam_projects/results/rmf-xy-0.2T,0.00071,18609,0.5800956526411951,0.5466105020174287,90625.01752145909,4369.622685800976
openfoam_projects/results/rmf-xy-0.2T,0.00076,20021,0.5733979321712203,0.5377369577987096,53347.64063533462,2793.1193468114716
openfoam_projects/results/rmf-xy-0.2T,0.00081,21468,0.5632103596049934,0.5271221994461383,51788.1528286556,3243.6635627520727
openfoam_projects/results/rmf-xy-0.2T,0.00086,25846,0.5584229668033738,0.5243773974877735,48233.250479930524,4135.894737123996
openfoam_projects/results/rmf-xy-0.2T,0.00091,27852,0.5756498635645555,0.5446770652012832,57392.97796911292,8824.68678257154
openfoam_projects/results/rmf-xy-0.2T,0.00096,29505,0.5726148110489747,0.5232151396284744,65956.00167379726,11435.586591551928
openfoam_projects/results/rmf-xy-0.2T,0.001,32010,0.5639175257731959,0.5551985309894166,61945.90516843518,10139.159964350696
openfoam_projects/results/rmf-xz-0.1T,1e-05,273,0.46886446886446886,0.5044847455418159,1418452.5867890154,-24453.479642594986
openfoam_projects/results/rmf-xz-0.1T,6e-05,2148,0.4883612662942272,0.5058481903331338,291505.9225083023,-5334.126304550342
openfoam_projects/results/rmf-xz-0.1T,0.00011,3220,0.4928571428571429,0.4942436901404848,138645.77019809862,-1714.7033965063692
openfoam_projects/results/rmf-xz-0.1T,0.00016,4930,0.5127789046653144,0.5198152802614552,88955.68223052472,3337.2120544530053
openfoam_projects/results/rmf-xz-0.1T,0.00021,6165,0.5064071370640714,0.49256358032573444,66446.55990484614,1097.873222332295
openfoam_projects/results/rmf-xz-0.1T,0.00026,7085,0.5106563161609033,0.5119501480649373,58896.57905231584,2293.036640722741
openfoam_projects/results/rmf-xz-0.1T,0.00031,8348,0.4746046957355055,0.5049143462405558,60942.66348289217,-3198.395958528053
openfoam_projects/results/rmf-xz-0.1T,0.00036,9101,0.47038786946489397,0.5153632458504546,67948.00141301985,-4192.575685821877
openfoam_projects/results/rmf-xz-0.1T,0.00041,10292,0.5095219588029537,0.5105083454732422,40332.25509793665,807.479205810971
openfoam_projects/results/rmf-xz-0.1T,0.00046,11801,0.5312261672739599,0.4921074362359225,45203.304667594224,2857.3148348692575
openfoam_projects/results/rmf-xz-0.1T,0.00051,12925,0.5056866537717601,0.4983712459783147,32956.255787072514,355.64524009149045
openfoam_projects/results/rmf-xz-0.1T,0.00056,14114,0.5133909593311605,0.500896631171142,29533.573805120628,590.7975988355828
openfoam_projects/results/rmf-xz-0.1T,0.00061,15911,0.524794167557036,0.5149895500377304,27492.978859872586,1406.9963656522248
openfoam_projects/results/rmf-xz-0.1T,0.00066,17237,0.5324592446481407,0.5230714858561963,24071.90591408203,1627.0720295328777
openfoam_projects/results/rmf-xz-0.1T,0.00071,18549,0.5282764569518572,0.49185386392048897,23777.605117763615,1094.830706338287
openfoam_projects/results/rmf-xz-0.1T,0.00076,21945,0.5624971519708362,0.5084259332831047,23471.20203151278,2946.618777367054
openfoam_projects/results/rmf-xz-0.1T,0.00081,23270,0.5492479587451654,0.4923383857777802,20963.365479042437,1673.1848368546525
openfoam_projects/results/rmf-xz-0.1T,0.00086,24627,0.5458236894465424,0.49381251867754844,21117.034706296392,1666.8694977991577
openfoam_projects/results/rmf-xz-0.1T,0.00091,28179,0.5660243443699209,0.5180531862746097,28596.438210277905,4419.620393223214
openfoam_projects/results/rmf-xz-0.1T,0.00096,31096,0.5594288654489323,0.5149064198266287,24854.840523986484,3916.711430316269
openfoam_projects/results/rmf-xz-0.1T,0.001,33425,0.5690052356020943,0.5269604630538499,29013.983654939286,4933.633962384701
openfoam_projects/results/rmf-xz-0.2T,1e-05,274,0.48175182481751827,0.5090785340490932,2784334.149330946,-51737.03439598861
openfoam_projects/results/rmf-xz-0.2T,6e-05,1911,0.5007849293563579,0.5040905732296681,475716.75924089743,1094.5834365431876
openfoam_projects/results/rmf-xz-0.2T,0.00011,3228,0.4758364312267658,0.4646778784197465,302750.31839123386,-18734.867346023442
openfoam_projects/results/rmf-xz-0.2T,0.00016,4717,0.519185923256307,0.5042412359464543,202995.28596738484,11129.99199754565
openfoam_projects/results/rmf-xz-0.2T,0.00021,6074,0.5143233454066513,0.4999555208729243,141512.53868176206,5053.695986438875
openfoam_projects/results/rmf-xz-0.2T,0.00026,7499,0.5182024269902654,0.49532056313697687,143572.54595666405,6620.803818830686
openfoam_projects/results/rmf-xz-0.2T,0.00031,8559,0.4950344666432995,0.5078578972491565,104622.99686039651,-1223.6105590503646
openfoam_projects/results/rmf-xz-0.2T,0.00036,8836,0.5181077410593029,0.5179929544494821,167583.17007246352,5111.985721529779
openfoam_projects/results/rmf-xz-0.2T,0.00041,10061,0.4787794453831627,0.4908996816560237,85782.39542967665,-3157.7416224791423
openfoam_projects/results/rmf-xz-0.2T,0.00046,11593,0.5521435348917451,0.5190799505691676,79881.26074882052,8307.710675673134
openfoam_projects/results/rmf-xz-0.2T,0.00051,12345,0.5214256784123127,0.5052753068759125,69645.7866872049,3270.453696404842
openfoam_projects/results/rmf-xz-0.2T,0.00056,13687,0.5089500986337401,0.4938171149089014,62153.57443563012,1207.3620247460217
openfoam_projects/results/rmf-xz-0.2T,0.00061,16161,0.5302270899078028,0.511364882465735,52165.12456312911,3166.57915487338
openfoam_projects/results/rmf-xz-0.2T,0.00066,17255,0.5549695740365111,0.5051120864967854,63455.73865325768,6790.683222968406
openfoam_projects/results/rmf-xz-0.2T,0.00071,18538,0.5691013054266911,0.5188263276226737,51042.743342792775,6123.355155947027
openfoam_projects/results/rmf-xz-0.2T,0.00076,21067,0.4848341007262543,0.4973488794129763,43734.95178101826,-983.3970343859437
openfoam_projects/results/rmf-xz-0.2T,0.00081,23331,0.5655994170845656,0.5385119491496624,49924.72960240346,5343.075798036704
openfoam_projects/results/rmf-xz-0.2T,0.00086,24438,0.60815123987233,0.5073678325327062,57877.67776038205,12934.11513176061
openfoam_projects/results/rmf-xz-0.2T,0.00091,26923,0.5425472644207555,0.5353800763366667,45693.4771985855,3346.1421567418365
openfoam_projects/results/rmf-xz-0.2T,0.00096,28988,0.5513315854836484,0.5333851178325164,40865.872752190626,4078.847971820331
openfoam_projects/results/rmf-xz-0.2T,0.001,31285,0.5375419530126259,0.5180775848378395,39122.60750793967,3191.1546695009315
openfoam_projects/results/rmf-yz-0.1T,1e-05,275,0.5018181818181818,0.5113660672788758,1662865.3420221135,373.1656174676042
openfoam_projects/results/rmf-yz-0.1T,6e-05,2021,0.516575952498763,0.5161283121215614,298932.93806171627,1465.4603860290051
openfoam_projects/results/rmf-yz-0.1T,0.00011,3274,0.5354306658521686,0.50393779092004,160831.35099058299,2046.5621225475857
openfoam_projects/results/rmf-yz-0.1T,0.00016,5083,0.49695061971276805,0.5188026915934296,107297.8503820158,-233.9519463153634
openfoam_projects/results/rmf-yz-0.1T,0.00021,6071,0.520836764948114,0.5130827482327359,103363.48237802589,1575.747092597343
openfoam_projects/results/rmf-yz-0.1T,0.00026,7292,0.5431980252331322,0.487753506157697,71778.97595577792,2933.744478092568
openfoam_projects/results/rmf-yz-0.1T,0.00031,8205,0.5282145033516149,0.4941240077441308,59288.964223115705,1993.8676274193133
openfoam_projects/results/rmf-yz-0.1T,0.00036,9367,0.5119034909789687,0.5109848795927633,57226.08610660629,793.0002306961023
openfoam_projects/results/rmf-yz-0.1T,0.00041,11160,0.5331541218637993,0.5186016909094272,37164.0917538238,1920.4393957415236
openfoam_projects/results/rmf-yz-0.1T,0.00046,12525,0.5208782435129741,0.5104351193665988,43819.66686097752,1806.5328494779578
openfoam_projects/results/rmf-yz-0.1T,0.00051,12606,0.5245914643820403,0.48742587399541765,34462.4793722208,1575.6472506962664
openfoam_projects/results/rmf-yz-0.1T,0.00056,14307,0.5180680785629412,0.5096623418899718,30720.507896419447,1078.0641848747366
openfoam_projects/results/rmf-yz-0.1T,0.00061,15731,0.5369652278939673,0.4988626994595862,36940.346957191585,2832.014237609516
openfoam_projects/results/rmf-yz-0.1T,0.00066,16967,0.5177697884128013,0.5250432191967972,23948.842492851516,698.9094099822311
openfoam_projects/results/rmf-yz-0.1T,0.00071,18853,0.4817800880496473,0.4852415638790918,20146.05301999053,-450.7510420277229
openfoam_projects/results/rmf-yz-0.1T,0.00076,20561,0.527454890326346,0.5041609821997944,21538.37786914874,969.7957295604775
openfoam_projects/results/rmf-yz-0.1T,0.00081,22271,0.49845090027389877,0.5045986481797959,20487.828161060428,-28.74296796512295
openfoam_projects/results/rmf-yz-0.1T,0.00086,25484,0.4487129179092764,0.48254686187892254,18249.022943761047,-912.3185870942916
openfoam_projects/results/rmf-yz-0.1T,0.00091,27339,0.5258787812282819,0.4953075120547947,26788.64450365114,1044.8021899660764
openfoam_projects/results/rmf-yz-0.1T,0.00096,28896,0.509828349944629,0.4996400614413253,29450.863030461653,383.79388728174035
openfoam_projects/results/rmf-yz-0.1T,0.001,31014,0.5025472367317986,0.5097366948400004,29458.142630480623,76.14522346622107
openfoam_projects/results/rmf-yz-0.2T,1e-05,272,0.5073529411764706,0.4956209494708167,2854119.1493658023,555.465818407816
openfoam_projects/results/rmf-yz-0.2T,6e-05,1948,0.518993839835729,0.5246877229923015,575870.3035485916,4123.411578423787
openfoam_projects/results/rmf-yz-0.2T,0.00011,3391,0.5278678855794751,0.5035609578988474,362201.37487790885,3988.359051454056
openfoam_projects/results/rmf-yz-0.2T,0.00016,4997,0.5497298379027417,0.5082042718356408,226349.18808886965,6892.80145808686
openfoam_projects/results/rmf-yz-0.2T,0.00021,5858,0.5513827244793444,0.5064457912185018,202103.9069414356,6361.546641980229
openfoam_projects/results/rmf-yz-0.2T,0.00026,7123,0.5600168468341991,0.5169211981745621,160008.16952749318,11138.981468677466
openfoam_projects/results/rmf-yz-0.2T,0.00031,8271,0.5447950671019224,0.5087531960320076,123962.08455749649,6838.436961402924
openfoam_projects/results/rmf-yz-0.2T,0.00036,8960,0.5415178571428572,0.5196225537482891,109612.1423748765,6383.867322314547
openfoam_projects/results/rmf-yz-0.2T,0.00041,10608,0.5571266968325792,0.5238877017640186,93931.0795057387,9445.158205545818
openfoam_projects/results/rmf-yz-0.2T,0.00046,11403,0.5461720599842147,0.5198862766767685,74263.49357865016,5489.935333298448
openfoam_projects/results/rmf-yz-0.2T,0.00051,12804,0.5397532021243362,0.5024284730311711,65093.379791911866,4561.063887809032
openfoam_projects/results/rmf-yz-0.2T,0.00056,14437,0.5491445591189306,0.495406788480009,71864.86740686222,6712.172119407743
openfoam_projects/results/rmf-yz-0.2T,0.00061,15655,0.5425742574257426,0.5208890576714303,65482.4881663318,4704.0826233497355
openfoam_projects/results/rmf-yz-0.2T,0.00066,17282,0.5223353778497859,0.49452319401867023,52505.322042027765,2312.5522392083535
openfoam_projects/results/rmf-yz-0.2T,0.00071,18240,0.5217105263157895,0.5168507059645564,48837.21314897397,1837.2926673933903
openfoam_projects/results/rmf-yz-0.2T,0.00076,20553,0.46995572422517395,0.472612619229399,47033.66205840191,-1701.6029118559816
openfoam_projects/results/rmf-yz-0.2T,0.00081,24355,0.4885649763908848,0.4900990092530087,41982.4725481659,-770.5692179845605
openfoam_projects/results/rmf-yz-0.2T,0.00086,25319,0.5040483431415143,0.4797612043481313,44078.51344169678,248.81403416857165
openfoam_projects/results/rmf-yz-0.2T,0.00091,27484,0.4748944840634551,0.4888827989158978,43775.00831722273,-1210.6000959665707
openfoam_projects/results/rmf-yz-0.2T,0.00096,29631,0.48952110964867873,0.45549605389797565,54175.308056500246,-781.4139034795708
openfoam_projects/results/rmf-yz-0.2T,0.001,32219,0.41264471274713677,0.4681889863250771,38669.091526096876,-2756.0423785603443
openfoam_projects/results_spot/no-mhd,1e-05,269,nan,nan,0.0,0.0
openfoam_projects/results_spot/no-mhd,6e-05,2285,nan,nan,0.0,0.0
openfoam_projects/results_spot/no-mhd,0.00011,3236,nan,nan,0.0,0.0
openfoam_projects/results_spot/no-mhd,0.00016,4835,nan,nan,0.0,0.0
openfoam_projects/results_spot/no-mhd,0.00021,5922,nan,nan,0.0,0.0
openfoam_projects/results_spot/no-mhd,0.00026,6654,nan,nan,0.0,0.0
openfoam_projects/results_spot/no-mhd,0.00031,7935,nan,nan,0.0,0.0
openfoam_projects/results_spot/no-mhd,0.00036,9053,nan,nan,0.0,0.0
openfoam_projects/results_spot/no-mhd,0.00041,10135,nan,nan,0.0,0.0
openfoam_projects/results_spot/no-mhd,0.00046,11740,nan,nan,0.0,0.0
openfoam_projects/results_spot/no-mhd,0.00051,12250,nan,nan,0.0,0.0
openfoam_projects/results_spot/no-mhd,0.00056,13868,nan,nan,0.0,0.0
openfoam_projects/results_spot/no-mhd,0.00061,15675,nan,nan,0.0,0.0
openfoam_projects/results_spot/no-mhd,0.00066,16774,nan,nan,0.0,0.0
openfoam_projects/results_spot/no-mhd,0.00071,18248,nan,nan,0.0,0.0
openfoam_projects/results_spot/no-mhd,0.00076,21182,nan,nan,0.0,0.0
openfoam_projects/results_spot/no-mhd,0.00081,22570,nan,nan,0.0,0.0
openfoam_projects/results_spot/no-mhd,0.00086,24537,nan,nan,0.0,0.0
openfoam_projects/results_spot/no-mhd,0.00091,26855,nan,nan,0.0,0.0
openfoam_projects/results_spot/no-mhd,0.00096,28984,nan,nan,0.0,0.0
openfoam_projects/results_spot/no-mhd,0.001,32652,nan,nan,0.0,0.0
openfoam_projects/results_spot/rmf-xy-0.1T,1e-05,270,0.5074074074074074,0.5017203920762273,1252357.3249926446,14150.366549999999
openfoam_projects/results_spot/rmf-xy-0.1T,6e-05,1975,0.4769620253164557,0.4933644883925632,226035.86583155717,-14478.34
openfoam_projects/results_spot/rmf-xy-0.1T,0.00011,3360,0.5380952380952381,0.5088142168556087,122307.61506689647,9770.1148
openfoam_projects/results_spot/rmf-xy-0.1T,0.00016,5002,0.5095961615353859,0.4744157588162273,88445.3084038413,2409.47335
openfoam_projects/results_spot/rmf-xy-0.1T,0.00021,6095,0.5222313371616079,0.5227044692722208,85665.19159813615,3347.7308
openfoam_projects/results_spot/rmf-xy-0.1T,0.00026,7377,0.4903077131625322,0.4975208094959397,99331.8499210457,-2016.3474
openfoam_projects/results_spot/rmf-xy-0.1T,0.00031,8147,0.4741622683196269,0.4904324596875545,61670.97472420398,-3021.9917
openfoam_projects/results_spot/rmf-xy-0.1T,0.00036,9727,0.480312532127069,0.48963765814204274,50363.702332321336,-1363.8022
openfoam_projects/results_spot/rmf-xy-0.1T,0.00041,10220,0.48639921722113505,0.5022834837232879,49338.46520952821,-587.040115
openfoam_projects/results_spot/rmf-xy-0.1T,0.00046,12218,0.4562121460140776,0.493748039576161,40565.01644255441,-1529.342
openfoam_projects/results_spot/rmf-xy-0.1T,0.00051,13172,0.45983905253568175,0.487389162972762,50645.21489860776,-1306.9675000000002
openfoam_projects/results_spot/rmf-xy-0.1T,0.00056,14350,0.43902439024390244,0.4699183445438089,35215.16562417101,-649.951225
openfoam_projects/results_spot/rmf-xy-0.1T,0.00061,15624,0.48227086533538144,0.5096942531741202,26922.26125349972,-31.8141265
openfoam_projects/results_spot/rmf-xy-0.1T,0.00066,18225,0.5473251028806584,0.5248582583474611,29434.328541067516,286.03208
openfoam_projects/results_spot/rmf-xy-0.1T,0.00071,18968,0.5584141712357655,0.5369763278255276,28309.5880123737,945.043105
openfoam_projects/results_spot/rmf-xy-0.1T,0.00076,20705,0.5499154793528134,0.5081877763524536,21688.05619256267,713.1419
openfoam_projects/results_spot/rmf-xy-0.1T,0.00081,22663,0.5496624453955787,0.48985179817014324,21344.646952837127,1134.5929
openfoam_projects/results_spot/rmf-xy-0.1T,0.00086,26116,0.5484760300199112,0.5247023547213227,28232.25591693684,2533.8074
openfoam_projects/results_spot/rmf-xy-0.1T,0.00091,27664,0.5606203007518797,0.5329169435052605,25919.58200603436,2989.9531500000003
openfoam_projects/results_spot/rmf-xy-0.1T,0.00096,30107,0.555651509615704,0.5128834733143967,22858.034996234517,2270.2108
openfoam_projects/results_spot/rmf-xy-0.1T,0.001,31535,0.5239257967337878,0.5166725215245775,19556.452679544847,786.39793
openfoam_projects/results_spot/rmf-xy-0.2T,1e-05,273,0.4835164835164835,0.512685533438766,2840250.54884615,-60380.628
openfoam_projects/results_spot/rmf-xy-0.2T,6e-05,2217,0.465042850699143,0.4638379020745495,454541.68348755775,-32952.029
openfoam_projects/results_spot/rmf-xy-0.2T,0.00011,3268,0.38555691554467564,0.4888504696931731,294357.9560306345,-48251.226500000004
openfoam_projects/results_spot/rmf-xy-0.2T,0.00016,4510,0.48270509977827053,0.496738179099788,271866.7864822516,-11320.340499999998
openfoam_projects/results_spot/rmf-xy-0.2T,0.00021,5665,0.48826125330979697,0.46812995642266864,196632.3238801247,-5370.697
openfoam_projects/results_spot/rmf-xy-0.2T,0.00026,7059,0.4979458846862162,0.48131117341744273,149853.08810447005,-888.57931
openfoam_projects/results_spot/rmf-xy-0.2T,0.00031,7877,0.47022978291227624,0.5016839372501257,139658.38051196508,-6003.4964
openfoam_projects/results_spot/rmf-xy-0.2T,0.00036,9448,0.46729466553767995,0.4839007287418833,124133.9382153076,-6591.56105
openfoam_projects/results_spot/rmf-xy-0.2T,0.00041,9848,0.4787774167343623,0.48272251524473525,103528.65356841095,-2544.98995
openfoam_projects/results_spot/rmf-xy-0.2T,0.00046,11895,0.46834804539722574,0.46390451952684,106204.01638555451,-3619.9099
openfoam_projects/results_spot/rmf-xy-0.2T,0.00051,12339,0.4411216468109247,0.4713104142796645,110560.2439463378,-4880.607
openfoam_projects/results_spot/rmf-xy-0.2T,0.00056,13898,0.42754353144337315,0.46695433713433554,78278.9703533939,-1735.9557
openfoam_projects/results_spot/rmf-xy-0.2T,0.00061,15861,0.4338314103776559,0.44246494833689315,77334.57857900213,-438.86663
openfoam_projects/results_spot/rmf-xy-0.2T,0.00066,17071,0.5556206431960635,0.5773770297449886,112842.88333239264,1893.4478
openfoam_projects/results_spot/rmf-xy-0.2T,0.00071,18471,0.5878403984624546,0.5365304237005376,57556.98224335301,2182.6134
openfoam_projects/results_spot/rmf-xy-0.2T,0.00076,20028,0.6024066307169962,0.5402932629923475,55728.154258219554,3630.3185000000003
openfoam_projects/results_spot/rmf-xy-0.2T,0.00081,21366,0.5621080220911729,0.5405695187307263,52847.58313293679,3023.8818
openfoam_projects/results_spot/rmf-xy-0.2T,0.00086,25254,0.5619703809297537,0.5345188942007526,45247.584553231005,3516.8238
openfoam_projects/results_spot/rmf-xy-0.2T,0.00091,26843,0.5663301419364453,0.5433614973352954,70511.54784510717,10773.93
openfoam_projects/results_spot/rmf-xy-0.2T,0.00096,29223,0.5611675734866373,0.5396476268370392,60599.69314956135,10041.197
openfoam_projects/results_spot/rmf-xy-0.2T,0.001,31233,0.5767937758140428,0.5482922211059054,42674.710718980816,5542.758
openfoam_projects/results_spot/rmf-xz-0.1T,1e-05,245,0.4897959183673469,0.49713420328822033,1672236.4825710251,-21916.268
openfoam_projects/results_spot/rmf-xz-0.1T,2e-05,735,0.5115646258503401,0.49415001185409707,580642.7754972186,8136.3863
openfoam_projects/results_spot/rmf-xz-0.1T,3e-05,1322,0.4848714069591528,0.4988380199036571,352746.09970378,-10264.021550000001
openfoam_projects/results_spot/rmf-xz-0.1T,4e-05,1529,0.47678221059516024,0.48202106474559137,323260.34636443265,-19051.044
openfoam_projects/results_spot/rmf-xz-0.1T,5e-05,1875,0.4928,0.48079810129176953,242454.74776502393,-5137.8716
openfoam_projects/results_spot/rmf-xz-0.1T,6e-05,2244,0.4910873440285205,0.4723340098836685,244914.84658624514,-7215.878049999999
openfoam_projects/results_spot/rmf-xz-0.1T,7e-05,2606,0.4693016116653876,0.5211767791834303,189616.49845018965,-14648.3575
openfoam_projects/results_spot/rmf-xz-0.1T,8e-05,2717,0.49355907250644093,0.47310241448666585,192961.85450418567,-3922.8954
openfoam_projects/results_spot/rmf-xz-0.1T,9e-05,3166,0.48673404927353126,0.5042091981236201,151379.36314541512,-4971.1942500000005
openfoam_projects/results_spot/rmf-xz-0.1T,0.0001,2973,0.4244870501177262,0.48403482304527773,156219.8350848267,-22866.561
openfoam_projects/results_spot/rmf-xz-0.1T,0.00011,3195,0.454773082942097,0.4689067863486331,141734.4611995539,-14741.086
openfoam_projects/results_spot/rmf-xz-0.1T,0.00012,3751,0.38016528925619836,0.49683403700290346,124377.96525277298,-28974.173
openfoam_projects/results_spot/rmf-xz-0.1T,0.00013,4312,0.45083487940630795,0.4537188632121748,125823.91728894385,-13244.3135
openfoam_projects/results_spot/rmf-xz-0.1T,0.00014,4378,0.44152581087254456,0.4628145922285024,95486.42162841017,-13676.3525
openfoam_projects/results_spot/rmf-xz-0.1T,0.00015,4717,0.450498198007208,0.5051285206640336,82097.39484432698,-9543.1376
openfoam_projects/results_spot/rmf-xz-0.1T,0.00016,4858,0.49217785096747635,0.47580726176354865,112811.77963311577,-2528.93345
openfoam_projects/results_spot/rmf-xz-0.1T,0.00017,5181,0.4707585408222351,0.504095335504469,119058.21296913236,-7639.5363
openfoam_projects/results_spot/rmf-xz-0.1T,0.00018,5198,0.477106579453636,0.5103059068089096,113217.105554384,-4068.9992
openfoam_projects/results_spot/rmf-xz-0.1T,0.00019,5444,0.4860396767083027,0.5119124903769647,96852.24125132509,-3203.40265
openfoam_projects/results_spot/rmf-xz-0.1T,0.0002,5560,0.45827338129496403,0.499847158870949,115364.46225784486,-11911.118999999999
openfoam_projects/results_spot/rmf-xz-0.1T,0.00021,5713,0.4766322422545073,0.4884272688019501,107195.91174822388,-6039.5697
openfoam_projects/results_spot/rmf-xz-0.1T,0.00022,5928,0.49426450742240213,0.4824493913967146,83241.30579290529,-1169.68655
openfoam_projects/results_spot/rmf-xz-0.1T,0.00023,6143,0.5021976233110858,0.5001024664437125,79717.22659407763,314.31011
openfoam_projects/results_spot/rmf-xz-0.2T,1e-05,274,0.4781021897810219,0.5080672936587142,2783409.262319892,-57143.238
openfoam_projects/results_spot/rmf-xz-0.2T,6e-05,1983,0.5103378719112456,0.5267736666882942,513994.9760481003,15162.282
openfoam_projects/results_spot/rmf-xz-0.2T,0.00011,3131,0.48642606196103483,0.46794959973401784,287173.0719370845,-10330.631
openfoam_projects/results_spot/rmf-xz-0.2T,0.00016,4746,0.4812473662031184,0.4981993685860486,217132.46889920626,-7758.588449999999
openfoam_projects/results_spot/rmf-xz-0.2T,0.00021,5700,0.4866666666666667,0.47098038280636034,163885.59051739943,-4906.9806
openfoam_projects/results_spot/rmf-xz-0.2T,0.00026,6973,0.48386634160332714,0.4926028684307209,133512.59163063607,-5375.4863
openfoam_projects/results_spot/rmf-xz-0.2T,0.00031,8073,0.5240926545274371,0.5107349572000127,108176.57292175488,5986.577
openfoam_projects/results_spot/rmf-xz-0.2T,0.00036,9381,0.5152968766656006,0.4786717885704301,81367.35999747738,3065.341
openfoam_projects/results_spot/rmf-xz-0.2T,0.00041,10158,0.5184091356566253,0.5297624156777658,73777.82446989196,2680.8608
openfoam_projects/results_spot/rmf-xz-0.2T,0.00046,11645,0.5343924431086303,0.4785324881959019,88628.46139475086,6862.0012
openfoam_projects/results_spot/rmf-xz-0.2T,0.00051,12695,0.5553367467506892,0.5096126665562246,72314.57759922968,7467.1111
openfoam_projects/results_spot/rmf-xz-0.2T,0.00056,13742,0.5368214233735992,0.503610709475274,64927.75154620936,4839.2597
openfoam_projects/results_spot/rmf-xz-0.2T,0.00061,16235,0.45777640899291655,0.4815269091490627,57031.12882128603,-3924.4615
openfoam_projects/results_spot/rmf-xz-0.2T,0.00066,17205,0.5588491717523976,0.5274299141804246,62673.7639804786,6971.9619
openfoam_projects/results_spot/rmf-xz-0.2T,0.00071,18587,0.5614138914294937,0.5426967611426571,53464.5647515981,6032.0444
openfoam_projects/results_spot/rmf-xz-0.2T,0.00076,20282,0.5130164678039641,0.4992239546015476,49292.25660861416,1250.1482500000002
openfoam_projects/results_spot/rmf-xz-0.2T,0.00081,23522,0.5989711759204149,0.524284750250514,54740.553112561596,10135.675
openfoam_projects/results_spot/rmf-xz-0.2T,0.00086,24773,0.6100189722681952,0.5395834594657231,63232.2917540628,12355.56
openfoam_projects/results_spot/rmf-xz-0.2T,0.00091,26885,0.5306304630835038,0.5026333655515568,43925.55639972383,2347.947
openfoam_projects/results_spot/rmf-xz-0.2T,0.00096,29376,0.5577001633986928,0.5197078957428352,44703.979319581136,6848.96465
openfoam_projects/results_spot/rmf-xz-0.2T,0.001,31312,0.5491185487991824,0.5161890137766585,40797.826350573094,3807.23605
openfoam_projects/results_spot/rmf-yz-0.1T,1e-05,243,0.5020576131687243,0.5163446953812919,1652774.951376574,11.605595
openfoam_projects/results_spot/rmf-yz-0.1T,6e-05,2040,0.503921568627451,0.5062094443421709,246320.46190849826,233.35294
openfoam_projects/results_spot/rmf-yz-0.1T,0.00011,3143,0.5278396436525612,0.5267094621183601,174787.6727141991,1843.3303
openfoam_projects/results_spot/rmf-yz-0.1T,0.00016,4813,0.49740286723457305,0.48856873811593104,118213.70525118736,-349.01069
openfoam_projects/results_spot/rmf-yz-0.1T,0.00021,5754,0.5184219673270768,0.518726360566887,96603.3488571487,1425.9958000000001
openfoam_projects/results_spot/rmf-yz-0.1T,0.00026,7391,0.5232038966310377,0.5149845937888853,91754.86821931349,2277.6742
openfoam_projects/results_spot/rmf-yz-0.1T,0.00031,7973,0.5295371880095322,0.5270832907484007,51935.16098210608,1877.4409
openfoam_projects/results_spot/rmf-yz-0.1T,0.00036,9304,0.5372957867583835,0.5084236422167743,59599.740321227844,3820.6504999999997
openfoam_projects/results_spot/rmf-yz-0.1T,0.00041,10240,0.52490234375,0.5083046772179397,43307.30671630831,1930.7217
openfoam_projects/results_spot/rmf-yz-0.1T,0.00046,11656,0.5229924502402197,0.5014719691174292,39072.46217890478,1544.9879999999998
openfoam_projects/results_spot/rmf-yz-0.1T,0.00051,12848,0.5301992528019925,0.4970699289167814,29818.292588391385,1909.1489
openfoam_projects/results_spot/rmf-yz-0.1T,0.00056,14088,0.5343554798409994,0.4872061010352424,45053.803314785735,3074.7369
openfoam_projects/results_spot/rmf-yz-0.1T,0.00061,15649,0.5140903572113235,0.518267791523928,25109.216008078096,735.49601
openfoam_projects/results_spot/rmf-yz-0.1T,0.00066,17722,0.5243764812097957,0.513439594833387,23298.311133098727,1094.11305
openfoam_projects/results_spot/rmf-yz-0.1T,0.00071,19687,0.5176512419363032,0.49160324783511095,20288.923189151326,616.70889
openfoam_projects/results_spot/rmf-yz-0.1T,0.00076,21577,0.515409927237336,0.5028068163598751,20819.692161976098,504.62217
openfoam_projects/results_spot/rmf-yz-0.1T,0.00081,22839,0.5064582512369193,0.48854222121569774,22546.451299320062,197.17453
openfoam_projects/results_spot/rmf-yz-0.1T,0.00086,24258,0.510429549014758,0.5340313435350548,35909.116957519145,840.624945
openfoam_projects/results_spot/rmf-yz-0.1T,0.00091,26421,0.48173801143030165,0.48214677752476437,18735.00131669828,-328.09865
openfoam_projects/results_spot/rmf-yz-0.1T,0.00096,30773,0.4868878562376109,0.48957516517262994,22458.745940610865,-384.48472
openfoam_projects/results_spot/rmf-yz-0.1T,0.001,33076,0.5021465715322289,0.500378685101122,19973.23019759646,45.8553535
openfoam_projects/results_spot/rmf-yz-0.2T,1e-05,265,0.5132075471698113,0.5267212499986983,3110553.1042237203,1626.1337
openfoam_projects/results_spot/rmf-yz-0.2T,6e-05,2104,0.5161596958174905,0.5148067520959554,724159.457269035,2253.89265
openfoam_projects/results_spot/rmf-yz-0.2T,0.00011,3135,0.518341307814992,0.5325759005161667,351126.84237318643,2107.7217
openfoam_projects/results_spot/rmf-yz-0.2T,0.00016,4549,0.5401187074082215,0.5039819681864515,243829.279570383,5158.2709
openfoam_projects/results_spot/rmf-yz-0.2T,0.00021,5731,0.5499912755191066,0.49359027001756783,198716.84070955392,7720.5416
openfoam_projects/results_spot/rmf-yz-0.2T,0.00026,6613,0.5306215030999546,0.4758828223855696,196585.1558692209,7040.3537
openfoam_projects/results_spot/rmf-yz-0.2T,0.00031,8309,0.524972920929113,0.49248471672401933,113912.40913813702,2987.3134
openfoam_projects/results_spot/rmf-yz-0.2T,0.00036,9097,0.551610421017918,0.5146063459210081,108958.56001909538,9146.7633
openfoam_projects/results_spot/rmf-yz-0.2T,0.00041,10731,0.5105768334731152,0.5125924830332305,105829.76795758239,2004.5177
openfoam_projects/results_spot/rmf-yz-0.2T,0.00046,11786,0.5723740030544714,0.49952347566308253,78740.0948835813,11739.975
openfoam_projects/results_spot/rmf-yz-0.2T,0.00051,12552,0.5481994901210963,0.52465431140052,70451.92564054234,6899.67155
openfoam_projects/results_spot/rmf-yz-0.2T,0.00056,14183,0.5308467884086583,0.4930523121705964,59574.16391140805,2733.8195
openfoam_projects/results_spot/rmf-yz-0.2T,0.00061,15820,0.5727560050568901,0.5334800678539517,68065.19948166693,9658.32745
openfoam_projects/results_spot/rmf-yz-0.2T,0.00066,16995,0.5608120035304501,0.49643112937332295,60764.57241567622,7133.7037
openfoam_projects/results_spot/rmf-yz-0.2T,0.00071,18744,0.503254374733248,0.47855164832939145,51348.77757046647,339.837485
openfoam_projects/results_spot/rmf-yz-0.2T,0.00076,21917,0.5113838572797372,0.5001344687784918,55847.01291585026,1531.5464
openfoam_projects/results_spot/rmf-yz-0.2T,0.00081,23089,0.522110095716575,0.5066210004842142,59530.58892009488,2395.3667
openfoam_projects/results_spot/rmf-yz-0.2T,0.00086,24715,0.47582439813878213,0.49467925347398084,42288.53908223586,-1393.3725
openfoam_projects/results_spot/rmf-yz-0.2T,0.00091,27078,0.4522859886254524,0.45935546547126926,40648.47627771944,-2241.0168
openfoam_projects/results_spot/rmf-yz-0.2T,0.00096,31059,0.4826942271161338,0.47592969059633444,48894.26556170582,-1131.4707
openfoam_projects/results_spot/rmf-yz-0.2T,0.001,32424,0.4764372070071552,0.481674571139799,51919.39094688553,-1321.88915
openfoam_projects/results_weld_s5e6/no-mhd,1e-05,211,nan,nan,0.0,0.0
openfoam_projects/results_weld_s5e6/no-mhd,6e-05,2335,nan,nan,0.0,0.0
openfoam_projects/results_weld_s5e6/no-mhd,0.00011,2979,nan,nan,0.0,0.0
openfoam_projects/results_weld_s5e6/no-mhd,0.00016,4665,nan,nan,0.0,0.0
openfoam_projects/results_weld_s5e6/no-mhd,0.00021,6129,nan,nan,0.0,0.0
openfoam_projects/results_weld_s5e6/no-mhd,0.00026,6988,nan,nan,0.0,0.0
openfoam_projects/results_weld_s5e6/no-mhd,0.00031,8172,nan,nan,0.0,0.0
openfoam_projects/results_weld_s5e6/no-mhd,0.00036,9460,nan,nan,0.0,0.0
openfoam_projects/results_weld_s5e6/no-mhd,0.00041,10201,nan,nan,0.0,0.0
openfoam_projects/results_weld_s5e6/no-mhd,0.00046,12111,nan,nan,0.0,0.0
openfoam_projects/results_weld_s5e6/no-mhd,0.00051,13306,nan,nan,0.0,0.0
openfoam_projects/results_weld_s5e6/no-mhd,0.00056,14227,nan,nan,0.0,0.0
openfoam_projects/results_weld_s5e6/no-mhd,0.00061,15798,nan,nan,0.0,0.0
openfoam_projects/results_weld_s5e6/no-mhd,0.00066,18491,nan,nan,0.0,0.0
openfoam_projects/results_weld_s5e6/no-mhd,0.00071,19268,nan,nan,0.0,0.0
openfoam_projects/results_weld_s5e6/no-mhd,0.00076,21028,nan,nan,0.0,0.0
openfoam_projects/results_weld_s5e6/no-mhd,0.00081,22882,nan,nan,0.0,0.0
openfoam_projects/results_weld_s5e6/no-mhd,0.00086,25085,nan,nan,0.0,0.0
openfoam_projects/results_weld_s5e6/no-mhd,0.00091,29759,nan,nan,0.0,0.0
openfoam_projects/results_weld_s5e6/no-mhd,0.00096,31436,nan,nan,0.0,0.0
openfoam_projects/results_weld_s5e6/no-mhd,0.001,32866,nan,nan,0.0,0.0
openfoam_projects/results_weld_s5e6/rmf-xy-0.1T,1e-05,221,0.5113122171945701,0.5108089930229284,9853005.706701513,193948.89710536346
openfoam_projects/results_weld_s5e6/rmf-xy-0.1T,6e-05,2218,0.4882777276825969,0.5041550759313254,1065225.0160967032,-34114.62458920091
openfoam_projects/results_weld_s5e6/rmf-xy-0.1T,0.00011,3425,0.5086131386861313,0.49762100854389324,685960.6629528734,11768.795070877633
openfoam_projects/results_weld_s5e6/rmf-xy-0.1T,0.00016,4732,0.511200338123415,0.5080175435009932,467818.0792654388,12268.509338755219
openfoam_projects/results_weld_s5e6/rmf-xy-0.1T,0.00021,6445,0.5031807602792863,0.4959964148110708,366801.3274384689,1797.028150243839
openfoam_projects/results_weld_s5e6/rmf-xy-0.1T,0.00026,6880,0.49200581395348836,0.4870094401661557,413159.74477777263,-6450.783420704784
openfoam_projects/results_weld_s5e6/rmf-xy-0.1T,0.00031,8175,0.5048318042813456,0.5340190987824063,307984.87671147165,1687.7997797242606
openfoam_projects/results_weld_s5e6/rmf-xy-0.1T,0.00036,9395,0.46939861628525814,0.4973774712231183,267982.97973456496,-12001.85186945598
openfoam_projects/results_weld_s5e6/rmf-xy-0.1T,0.00041,10579,0.48927119765573307,0.475180978072219,241846.77057144968,-3077.5526426822776
openfoam_projects/results_weld_s5e6/rmf-xy-0.1T,0.00046,11409,0.47488824612148306,0.477942645924819,224523.75342460632,-4518.602806453784
openfoam_projects/results_weld_s5e6/rmf-xy-0.1T,0.00051,13544,0.4909184878913172,0.5042345822643642,166947.70017660502,-868.8335456240611
openfoam_projects/results_weld_s5e6/rmf-xy-0.1T,0.00056,14259,0.4947050985342591,0.5135387626246575,186079.27055858265,-291.3700061497377
openfoam_projects/results_weld_s5e6/rmf-xy-0.1T,0.00061,15301,0.4985948630808444,0.45548987649661754,151784.35859915114,-13.255231555390733
openfoam_projects/results_weld_s5e6/rmf-xy-0.1T,0.00066,16886,0.5196020371905721,0.5203212024196241,133228.7135128252,428.39490425539566
openfoam_projects/results_weld_s5e6/rmf-xy-0.1T,0.00071,20396,0.5248087860364777,0.5082614850439523,116757.05402254662,1301.3398979761869
openfoam_projects/results_weld_s5e6/rmf-xy-0.1T,0.00076,21091,0.5533165805319805,0.5039247041087743,117126.6943768187,3425.656293921797
openfoam_projects/results_weld_s5e6/rmf-xy-0.1T,0.00081,22918,0.5546731826511913,0.5172187154150573,108336.48064466179,4749.86840766676
openfoam_projects/results_weld_s5e6/rmf-xy-0.1T,0.00086,24733,0.5307483928354829,0.4979528885842901,102869.61864032524,3168.933467434832
openfoam_projects/results_weld_s5e6/rmf-xy-0.1T,0.00091,28399,0.4992429310891229,0.5013116969632512,95444.71607132482,-72.7592023269207
openfoam_projects/results_weld_s5e6/rmf-xy-0.1T,0.00096,31551,0.5404583056004564,0.5181751881849088,85723.59287882475,5023.117785844264
openfoam_projects/results_weld_s5e6/rmf-xy-0.1T,0.001,33274,0.5384985273787342,0.5153771779575437,85518.85727831848,4997.208278021241
openfoam_projects/results_weld_s5e6/rmf-xy-0.2T,1e-05,214,0.48598130841121495,0.49006377485180186,20447103.13517656,-69927.41889861807
openfoam_projects/results_weld_s5e6/rmf-xy-0.2T,6e-05,2297,0.5124074880278624,0.5154784011605197,2214981.341109898,50994.06730801484
openfoam_projects/results_weld_s5e6/rmf-xy-0.2T,0.00011,2935,0.561839863713799,0.5349360839974187,1626994.8730974414,174394.4709919354
openfoam_projects/results_weld_s5e6/rmf-xy-0.2T,0.00016,4750,0.4823157894736842,0.5103164297625362,950882.4497697842,-33799.45225312171
openfoam_projects/results_weld_s5e6/rmf-xy-0.2T,0.00021,5958,0.5140986908358509,0.5367713581504643,814887.332637673,28926.539548868743
openfoam_projects/results_weld_s5e6/rmf-xy-0.2T,0.00026,7135,0.4336370007007708,0.4840453991217643,659100.6571219496,-57346.59818231484
openfoam_projects/results_weld_s5e6/rmf-xy-0.2T,0.00031,7733,0.4756239493081598,0.5042888093510867,682334.0805102753,-27257.759543702665
openfoam_projects/results_weld_s5e6/rmf-xy-0.2T,0.00036,9249,0.46923991782895447,0.48008848038706237,608627.7442845755,-23237.404577930316
openfoam_projects/results_weld_s5e6/rmf-xy-0.2T,0.00041,10296,0.463966588966589,0.48090547908666553,514927.89526955166,-18554.563541310214
openfoam_projects/results_weld_s5e6/rmf-xy-0.2T,0.00046,11410,0.4294478527607362,0.4372230110075051,489347.3655982964,-25036.51968240498
openfoam_projects/results_weld_s5e6/rmf-xy-0.2T,0.00051,13829,0.42880902451370306,0.502504710452666,384717.38412852125,-13899.967035940317
openfoam_projects/results_weld_s5e6/rmf-xy-0.2T,0.00056,14132,0.4194735352391735,0.4427640009663573,378458.3860867744,-9645.677920526357
openfoam_projects/results_weld_s5e6/rmf-xy-0.2T,0.00061,15567,0.4052161623948095,0.467661378944034,343884.08650616807,-2524.7070878953155
openfoam_projects/results_weld_s5e6/rmf-xy-0.2T,0.00066,17150,0.5720116618075802,0.5378796975396956,308241.9644808287,3529.004429842569
openfoam_projects/results_weld_s5e6/rmf-xy-0.2T,0.00071,20502,0.567310506292069,0.538867143315089,267548.5162407401,7932.360943924516
openfoam_projects/results_weld_s5e6/rmf-xy-0.2T,0.00076,21414,0.6192210703278229,0.5596943623061267,250027.26343859313,18594.945226047705
openfoam_projects/results_weld_s5e6/rmf-xy-0.2T,0.00081,23019,0.5890351448803163,0.5336934908243729,226620.70404542424,17630.88780839022
openfoam_projects/results_weld_s5e6/rmf-xy-0.2T,0.00086,24658,0.5991564603779707,0.5350134632383704,217710.27466905242,22760.759898976514
openfoam_projects/results_weld_s5e6/rmf-xy-0.2T,0.00091,29447,0.5730974292797228,0.5364370906656434,184992.6309529303,16400.725224589052
openfoam_projects/results_weld_s5e6/rmf-xy-0.2T,0.00096,31720,0.596437578814628,0.5220011342205474,177409.23679946334,23973.846258400183
openfoam_projects/results_weld_s5e6/rmf-xy-0.2T,0.001,32965,0.6229030790232064,0.5443687651450992,174248.1682406925,33142.01570273621
openfoam_projects/results_weld_s5e6/rmf-xz-0.1T,1e-05,223,0.5067264573991032,0.5016123407339357,10033049.569465041,52241.27027495838
openfoam_projects/results_weld_s5e6/rmf-xz-0.1T,6e-05,2222,0.4954995499549955,0.4860222790478647,1264240.5253836908,-13813.631218869523
openfoam_projects/results_weld_s5e6/rmf-xz-0.1T,0.00011,2983,0.5444183707676835,0.5485626963787836,740771.2232024237,68252.63141033062
openfoam_projects/results_weld_s5e6/rmf-xz-0.1T,0.00016,5018,0.5261060183339976,0.5140648349176341,411549.8031421198,24725.785614545784
openfoam_projects/results_weld_s5e6/rmf-xz-0.1T,0.00021,5906,0.5396207246867593,0.5095842354336064,408656.81066338986,39758.71746989433
openfoam_projects/results_weld_s5e6/rmf-xz-0.1T,0.00026,7148,0.5411303861219922,0.5364014581452096,333745.59462945897,27891.289649526192
openfoam_projects/results_weld_s5e6/rmf-xz-0.1T,0.00031,8413,0.5016046594556044,0.5144773391508223,267139.92912403855,1061.4826719463344
openfoam_projects/results_weld_s5e6/rmf-xz-0.1T,0.00036,9422,0.501167480365103,0.49657782310971005,220888.54670557298,660.6536227735687
openfoam_projects/results_weld_s5e6/rmf-xz-0.1T,0.00041,10174,0.5124827992923138,0.5329819095879871,214594.18040853945,6046.853422023947
openfoam_projects/results_weld_s5e6/rmf-xz-0.1T,0.00046,12213,0.529108327192336,0.512622713904937,151875.4598693571,9961.337177953174
openfoam_projects/results_weld_s5e6/rmf-xz-0.1T,0.00051,12860,0.5255054432348367,0.4960503498870378,175639.1960807743,9610.793296787962
openfoam_projects/results_weld_s5e6/rmf-xz-0.1T,0.00056,14258,0.543484359657736,0.5198662823991497,155802.95152651332,14212.549714477698
openfoam_projects/results_weld_s5e6/rmf-xz-0.1T,0.00061,16258,0.5035059662935171,0.522566510248607,118353.18910069173,659.5447615189511
openfoam_projects/results_weld_s5e6/rmf-xz-0.1T,0.00066,18399,0.5747594977987934,0.514159083781826,109397.39143538593,15335.868064730985
openfoam_projects/results_weld_s5e6/rmf-xz-0.1T,0.00071,19862,0.599184372167959,0.5411196220710955,104279.38757677661,18938.593944755798
openfoam_projects/results_weld_s5e6/rmf-xz-0.1T,0.00076,19921,0.5622207720495959,0.5208076065016068,103064.77122731283,10990.195163353817
openfoam_projects/results_weld_s5e6/rmf-xz-0.1T,0.00081,23159,0.5659138995638845,0.526604427095654,93107.11301412659,10393.615119239406
openfoam_projects/results_weld_s5e6/rmf-xz-0.1T,0.00086,24451,0.5935544558504765,0.5477122479576912,92580.11795786342,13938.259958398443
openfoam_projects/results_weld_s5e6/rmf-xz-0.1T,0.00091,26429,0.5786068334027016,0.5125697231226938,89749.72667992114,11035.841725783526
openfoam_projects/results_weld_s5e6/rmf-xz-0.1T,0.00096,28827,0.5643320498144101,0.520690870742029,82992.35164640447,8343.287378038525
openfoam_projects/results_weld_s5e6/rmf-xz-0.1T,0.001,33088,0.5987367021276596,0.5489795617306363,79781.2104796665,14316.418894957078
openfoam_projects/results_weld_s5e6/rmf-xz-0.2T,1e-05,216,0.49537037037037035,0.500990827526986,20478648.89706193,-366842.46729499416
openfoam_projects/results_weld_s5e6/rmf-xz-0.2T,6e-05,2300,0.48391304347826086,0.45082804686609046,2415449.8902772125,-109212.08339693674
openfoam_projects/results_weld_s5e6/rmf-xz-0.2T,0.00011,3082,0.5483452303698897,0.5288849205658008,1609648.5820934041,154101.10655708855
openfoam_projects/results_weld_s5e6/rmf-xz-0.2T,0.00016,4683,0.5327781336749947,0.5203687350950051,914289.8193895204,63364.4910092493
openfoam_projects/results_weld_s5e6/rmf-xz-0.2T,0.00021,5950,0.5188235294117647,0.5001877028561452,734933.0593313838,33773.73803773833
openfoam_projects/results_weld_s5e6/rmf-xz-0.2T,0.00026,7116,0.5133501967397415,0.4927364061307808,716498.2973522387,24343.414136335916
openfoam_projects/results_weld_s5e6/rmf-xz-0.2T,0.00031,8248,0.5217022308438409,0.5205928467736061,544243.0539978027,26233.36918018193
openfoam_projects/results_weld_s5e6/rmf-xz-0.2T,0.00036,9717,0.4639291962539879,0.5106962890897332,414388.6935218668,-32215.47048912433
openfoam_projects/results_weld_s5e6/rmf-xz-0.2T,0.00041,10433,0.5264065944598869,0.5017381824110948,394217.25499653805,25001.122624587275
openfoam_projects/results_weld_s5e6/rmf-xz-0.2T,0.00046,11440,0.506993006993007,0.4915256514280526,360878.1285990947,5465.821054182843
openfoam_projects/results_weld_s5e6/rmf-xz-0.2T,0.00051,13985,0.48316052913836255,0.4795816355962777,313099.53375927097,-10471.695948466722
openfoam_projects/results_weld_s5e6/rmf-xz-0.2T,0.00056,14608,0.533748630887185,0.49724084585103046,285804.0643377086,19164.25564525715
openfoam_projects/results_weld_s5e6/rmf-xz-0.2T,0.00061,15585,0.53609239653513,0.49929475043120897,260543.9703651247,21218.741033650007
openfoam_projects/results_weld_s5e6/rmf-xz-0.2T,0.00066,17224,0.5179400836042731,0.4949888889693227,253089.38627728354,8442.205698877824
openfoam_projects/results_weld_s5e6/rmf-xz-0.2T,0.00071,20332,0.5218866810938422,0.5148424086849445,196259.28214920464,8712.107374763395
openfoam_projects/results_weld_s5e6/rmf-xz-0.2T,0.00076,22026,0.5689639516934532,0.533976895095458,205387.15150940994,26716.529801191
openfoam_projects/results_weld_s5e6/rmf-xz-0.2T,0.00081,23025,0.5642128121606949,0.5203245822061083,190236.45241520327,21637.874384602816
openfoam_projects/results_weld_s5e6/rmf-xz-0.2T,0.00086,26067,0.569992711090651,0.5216915965928955,172768.39809605762,23550.119758272944
openfoam_projects/results_weld_s5e6/rmf-xz-0.2T,0.00091,27578,0.6102327942562913,0.5378545365558065,184337.88824411263,33829.95016920653
openfoam_projects/results_weld_s5e6/rmf-xz-0.2T,0.00096,30402,0.5917373856983094,0.5313700207230035,166833.60267444828,28789.250105253835
openfoam_projects/results_weld_s5e6/rmf-xz-0.2T,0.001,31705,0.5855858697366346,0.5340006436587397,165835.90509393375,26134.73528367997
openfoam_projects/results_weld_s5e6/rmf-yz-0.1T,1e-05,223,0.484304932735426,0.5090989335904138,9310075.497682933,-2448.4481352192943
openfoam_projects/results_weld_s5e6/rmf-yz-0.1T,6e-05,2089,0.5184298707515558,0.520354627836696,1297378.1258113543,3960.779469132654
openfoam_projects/results_weld_s5e6/rmf-yz-0.1T,0.00011,3089,0.48170929103269666,0.4614747348377712,825092.6552968685,-4051.1498000254765
openfoam_projects/results_weld_s5e6/rmf-yz-0.1T,0.00016,4750,0.5025263157894737,0.5138526569475739,552580.7223162713,848.0941008204363
openfoam_projects/results_weld_s5e6/rmf-yz-0.1T,0.00021,5815,0.4995700773860705,0.4958081374576363,473516.91155724885,-43.281435276227135
openfoam_projects/results_weld_s5e6/rmf-yz-0.1T,0.00026,7009,0.5170495077757169,0.4969632827980659,381135.92770425434,7098.381240392375
openfoam_projects/results_weld_s5e6/rmf-yz-0.1T,0.00031,8530,0.5314185228604924,0.5207538335554711,323203.60961245175,12209.685671566212
openfoam_projects/results_weld_s5e6/rmf-yz-0.1T,0.00036,9214,0.5150857390926851,0.5148554706261758,265002.3655182821,4623.00244088941
openfoam_projects/results_weld_s5e6/rmf-yz-0.1T,0.00041,10760,0.5322490706319702,0.5167301945983147,225618.48106262356,11419.270309183303
openfoam_projects/results_weld_s5e6/rmf-yz-0.1T,0.00046,11553,0.5271358088808101,0.48473989156939057,198003.2135995712,10831.019481717933
openfoam_projects/results_weld_s5e6/rmf-yz-0.1T,0.00051,12938,0.4941258308857629,0.4933742732796276,164733.75377961528,-1177.2616846401063
openfoam_projects/results_weld_s5e6/rmf-yz-0.1T,0.00056,14087,0.5327607013558601,0.5119359156833446,149680.1785783118,9947.859320915722
openfoam_projects/results_weld_s5e6/rmf-yz-0.1T,0.00061,15195,0.5158275748601514,0.49590430750754794,126888.01025161745,4089.4816994442394
openfoam_projects/results_weld_s5e6/rmf-yz-0.1T,0.00066,16790,0.4634306134603931,0.48952888546903767,119398.47209042669,-6303.572907886644
openfoam_projects/results_weld_s5e6/rmf-yz-0.1T,0.00071,19265,0.5105112899039709,0.4977022965213926,93394.91938803383,2028.9220886226085
openfoam_projects/results_weld_s5e6/rmf-yz-0.1T,0.00076,20274,0.5115418762947618,0.4949491431914777,107443.57116555357,2145.3034263391346
openfoam_projects/results_weld_s5e6/rmf-yz-0.1T,0.00081,22453,0.48670556273103815,0.4763084703504236,99982.3536440442,-2068.213424881949
openfoam_projects/results_weld_s5e6/rmf-yz-0.1T,0.00086,24424,0.47371437929905014,0.48248006664696275,88987.77757744025,-3289.3117813191416
openfoam_projects/results_weld_s5e6/rmf-yz-0.1T,0.00091,27680,0.44028179190751443,0.4686839437036181,74943.18873191011,-5083.537353656377
openfoam_projects/results_weld_s5e6/rmf-yz-0.1T,0.00096,31645,0.456154210775794,0.4844724293254211,71158.91091641625,-3282.1409740507993
openfoam_projects/results_weld_s5e6/rmf-yz-0.1T,0.001,33271,0.43572480538607195,0.46796099935184104,67296.55763095018,-3571.7133639123867
openfoam_projects/results_weld_s5e6/rmf-yz-0.2T,1e-05,233,0.5064377682403434,0.5072712422508059,18080512.527242396,5770.466280214665
openfoam_projects/results_weld_s5e6/rmf-yz-0.2T,6e-05,2298,0.5043516100957354,0.5128103473386828,2947924.0469292924,1935.6761286708895
openfoam_projects/results_weld_s5e6/rmf-yz-0.2T,0.00011,3054,0.5022920759659463,0.48859114292978456,1695864.0305974856,2039.8542174439333
openfoam_projects/results_weld_s5e6/rmf-yz-0.2T,0.00016,4792,0.5319282136894825,0.5178143059984215,978539.0790074279,18718.71802081694
openfoam_projects/results_weld_s5e6/rmf-yz-0.2T,0.00021,5816,0.5264786795048143,0.5320571655876654,952545.6938398094,24521.365463989983
openfoam_projects/results_weld_s5e6/rmf-yz-0.2T,0.00026,6877,0.5226116038970481,0.5036985455286017,826249.618291823,18162.744689689123
openfoam_projects/results_weld_s5e6/rmf-yz-0.2T,0.00031,8366,0.5328711451111643,0.5330620199223289,573749.1825043336,24435.487805822835
openfoam_projects/results_weld_s5e6/rmf-yz-0.2T,0.00036,9051,0.5438073141089382,0.5220991511829366,527495.1216472588,36286.63253193636
openfoam_projects/results_weld_s5e6/rmf-yz-0.2T,0.00041,11234,0.5341819476588926,0.5286317564143009,395468.8376097787,26137.429531784554
openfoam_projects/results_weld_s5e6/rmf-yz-0.2T,0.00046,11637,0.5489387299132079,0.5198980819155374,409674.1186197313,33941.025943543566
openfoam_projects/results_weld_s5e6/rmf-yz-0.2T,0.00051,13076,0.5419853166105842,0.5107578188205277,353881.2063931255,21846.269638362748
openfoam_projects/results_weld_s5e6/rmf-yz-0.2T,0.00056,14882,0.5437441204139228,0.5220230652595641,274418.2687001977,27805.610565309675
openfoam_projects/results_weld_s5e6/rmf-yz-0.2T,0.00061,16134,0.5281393330854097,0.4839549764257202,260067.2928497842,14691.935236588732
openfoam_projects/results_weld_s5e6/rmf-yz-0.2T,0.00066,17468,0.5151705976643004,0.5196830178663557,232905.25120160557,6623.368320038066
openfoam_projects/results_weld_s5e6/rmf-yz-0.2T,0.00071,20145,0.5480764457681807,0.5023012592174138,210057.86167012257,16228.912493315076
openfoam_projects/results_weld_s5e6/rmf-yz-0.2T,0.00076,21255,0.517948717948718,0.4934626691105032,198089.8832279848,6844.97358532503
openfoam_projects/results_weld_s5e6/rmf-yz-0.2T,0.00081,22778,0.47695144437615244,0.48002687729726584,200035.65223696525,-7526.734354647882
openfoam_projects/results_weld_s5e6/rmf-yz-0.2T,0.00086,24759,0.455026455026455,0.4732484141522937,188709.6073285868,-12261.94439946585
openfoam_projects/results_weld_s5e6/rmf-yz-0.2T,0.00091,27307,0.39206064379096933,0.4427253687505563,170076.56454279515,-20710.916448223266
openfoam_projects/results_weld_s5e6/rmf-yz-0.2T,0.00096,31713,0.3990792419512503,0.46120030246281296,169327.21976099044,-18832.076963307627
openfoam_projects/results_weld_s5e6/rmf-yz-0.2T,0.001,33180,0.4072031344183243,0.45318316430080036,158316.5098433782,-13176.810021718631
