case_id,root,case,n_gas_pores,n_keyhole_pores,birth_time_first_s,birth_time_last_s,birth_time_span_s,birth_time_median_s,birth_rate_per_s,V_melt_mean_window_m3,n_V_melt_window_samples,V_melt_at_median_birth_m3,window_vs_median_ratio_gt2x,dict_rate,V_melt_lasttime_m3_DEPRECATED,dict_rate_lasttime_DEPRECATED,d_p1_um,d_p5_um,d_p10_um,d_p25_um,d_p50_um,d_p75_um,d_p90_um,d_p99_um,d_volume_weighted_um,d_min_um,floor_pore_fraction,floor_percentiles_affected,hist_edges_um,hist_counts,max_void_fraction,max_void_fraction_time_s,void_frac_note
results/azimuthal-0.2T,/home/ivt/results,azimuthal-0.2T,79,1,0.00015,0.00099,0.00084,0.00069,94047.61904761904,7.928041811342594e-12,10,9.923502604166666e-12,False,1.1862654270196428e+16,1.7011357060185186e-11,5528519489355497.0,9.251982454698874,9.279337273796616,9.279337273796616,9.279337316678534,11.105668280899998,11.834013643479011,29.61451913353108,66.06420955936629,53.20223896469302,9.154997186988703,0.012658227848101266,,9.155;15.161;21.167;27.173;33.179;39.185;45.191;51.197;57.203;63.209;69.215,62;2;3;5;3;0;0;1;1;2,0.02200491161728073,0.00052,
results/azimuthal-1T-3ms,/home/ivt/results,azimuthal-1T-3ms,335,1,2e-05,0.003,0.00298,0.00156,112416.10738255034,3.56177662037037e-11,10,3.9717429832175926e-11,False,3156180731257110.5,6.790617766203704e-11,1655462157537937.8,8.25908001529792,8.750190425956408,9.270503859139072,9.279337295237575,10.901221051763574,12.007363598661726,15.934190920833952,37.58504107264881,31.604014526644765,8.259079992898952,0.041791044776119404,1,8.259;13.022;17.785;22.549;27.312;32.075;36.838;41.602;46.365;51.128;55.891,283;22;12;7;3;4;1;0;1;2,0.011460637492357767,0.00181,
results/azimuthal-1T-rampdown,/home/ivt/results,azimuthal-1T-rampdown,17,1,2e-05,0.00057,0.0005499999999999999,0.00035,30909.09090909091,1.947356047453704e-12,10,2.778049045138889e-12,False,1.5872336725226278e+16,3.2913773148148145e-14,9.390929070929073e+17,9.279337273796616,9.279337273796616,9.279337273796616,9.279337316678534,10.512589506366727,13.712532003907087,16.703672170623285,28.399227879268377,21.943329746955825,9.279337273796616,0.35294117647058826,"1,5,10,25",9.279;11.370;13.461;15.551;17.642;19.733;21.824;23.914;26.005;28.096;30.186,12;0;3;0;1;0;0;0;0;1,0.007395843666509783,2e-05,
results/azimuthal-1T-reversed,/home/ivt/results,azimuthal-1T-reversed,40,1,0.00011,0.00199,0.00188,0.000435,21276.595744680853,6.646683304398148e-13,10,3.0894639756944443e-12,True,3.2010846267644508e+16,3.797743055555556e-14,5.6024316109422496e+17,9.279337273796616,9.279337273796616,9.279337273796616,9.279337289877335,10.731837821264213,12.656303766091751,16.923818148641903,30.055018489372472,21.597652504265884,9.279337273796616,0.4,"1,5,10,25",9.279;11.395;13.511;15.626;17.742;19.857;21.973;24.089;26.204;28.320;30.435,26;5;4;1;0;0;2;0;0;2,0.08265977127411052,0.00029,
results_dc_0.2T/dc-bx-0.2T,/home/ivt/results_dc_0.2T,dc-bx-0.2T,240,1,1e-05,0.00249,0.00248,0.000715,96774.19354838709,8.580006691261576e-11,10,4.375632957175926e-11,False,1127903474095749.5,1.0974401403356482e-10,881817513243037.0,7.564761605853654,8.449480559308006,9.036735421280381,9.279337273796616,10.622189555133506,11.914127131890028,14.088766673741578,30.500311948768502,31.944304516550638,7.237719208329304,0.004166666666666667,,7.238;12.690;18.143;23.595;29.048;34.500;39.953;45.406;50.858;56.311;61.763,196;33;4;2;4;0;0;0;0;1,0.005176231728846099,0.00011,
results_matched_0.2T_f4000hz/dc-bx-0.2T,/home/ivt/results_matched_0.2T_f4000hz,dc-bx-0.2T,55,1,0.00017,0.00098,0.00081,0.00061,67901.23456790124,7.955258969907406e-12,10,8.135398582175925e-12,False,8535389586279120.0,1.632206669560185e-11,4160088047318047.5,9.085130479008402,9.23980141790431,9.279337273796616,9.279337295237575,11.182261480939143,15.523752901655952,32.51357594254275,56.622336246060556,44.54655362845957,9.011854125481397,0.01818181818181818,,9.012;13.804;18.597;23.389;28.182;32.974;37.766;42.559;47.351;52.144;56.936,40;3;1;2;3;3;0;0;1;2,0.01766574336674746,0.00056,
results_matched_0.2T_f4000hz/dc-by-0.2T,/home/ivt/results_matched_0.2T_f4000hz,dc-by-0.2T,91,1,0.00011,0.001,0.0008900000000000001,0.00066,102247.19101123595,7.74948459201389e-12,10,9.027868200231482e-12,False,1.3194063398307184e+16,1.6858181423611112e-11,6065137658800569.0,9.133981348710888,9.279337273796616,9.279337273796616,9.279337309327348,11.001870903490843,12.032130866885774,19.470529964490638,37.21581633774627,33.93731721725484,9.01185408315166,0.01098901098901099,,9.012;13.566;18.121;22.676;27.230;31.785;36.340;40.894;45.449;50.004;54.558,74;7;2;1;4;2;0;0;0;1,0.04458290719241432,0.001,
results_matched_0.2T_f4000hz/dc-bz-0.2T,/home/ivt/results_matched_0.2T_f4000hz,dc-bz-0.2T,41,1,0.00012,0.00099,0.00087,0.00056,47126.4367816092,7.454906322337963e-12,10,7.267614293981481e-12,False,6321533060770868.0,1.628978587962963e-11,2893005293614128.5,9.279337273796616,9.279337273796616,9.279337273796616,9.279337316678534,15.506694166420042,32.57209291458543,37.9059728313645,70.26312590468584,55.315372765014125,9.279337273796616,0.34146341463414637,"1,5,10,25",9.279;15.652;22.025;28.397;34.770;41.143;47.515;53.888;60.261;66.634;73.006,21;5;3;3;5;1;0;0;2;1,0.05780222277828174,0.001,
results_matched_0.2T_f4000hz/no-mhd,/home/ivt/results_matched_0.2T_f4000hz,no-mhd,80,1,0.00013,0.001,0.00087,0.000795,91954.02298850575,7.802842881944445e-12,10,1.1178023726851852e-11,False,1.178468211903699e+16,1.7166431568287038e-11,5356618387619940.0,9.279337273796616,9.279337273796616,9.279337273796616,9.528098938544364,11.369178051047585,13.838059866756627,32.09801502282734,66.29151676551128,52.36222788995049,9.279337273796616,0.25,"1,5,10",9.279;14.994;20.709;26.424;32.139;37.854;43.569;49.285;55.000;60.715;66.430,62;3;3;4;1;0;2;2;1;2,0.04701246534359113,0.00093,
results_matched_0.2T_f4000hz/rmf-xy-0.2T,/home/ivt/results_matched_0.2T_f4000hz,rmf-xy-0.2T,25,1,0.00014,0.0009,0.00076,0.00043,32894.73684210526,2.2620623553240744e-12,10,4.999095775462963e-12,True,1.4541923110423096e+16,1.3988353587962962e-13,2.351580308236655e+17,9.279337273796616,9.279337273796616,9.279337273796616,9.279337273796616,11.691232360330464,15.965575849296599,27.816628146195516,58.80062923481277,51.42344863666316,9.279337273796616,0.4,"1,5,10,25",9.279;14.770;20.261;25.752;31.243;36.734;42.225;47.716;53.207;58.698;64.189,18;2;2;1;0;1;0;0;0;1,0.08618483405161026,0.00045,
results_matched_0.2T_f4000hz/rmf-xz-0.2T,/home/ivt/results_matched_0.2T_f4000hz,rmf-xz-0.2T,87,1,0.00014,0.00097,0.00083,0.00084,104819.27710843373,7.581814236111111e-12,10,1.2372413917824074e-11,False,1.3825091705517436e+16,1.673095703125e-11,6264989917352175.0,9.279337273796616,9.279337273796616,9.279337273796616,9.581882018755968,11.182261473556892,12.113999193332585,26.912657227484495,49.33473522896982,39.15287057076105,9.279337273796616,0.25287356321839083,"1,5,10",9.279;14.158;19.036;23.915;28.793;33.672;38.550;43.428;48.307;53.185;58.064,70;2;5;1;3;2;2;1;0;1,0.02201654978500501,0.00056,
results_matched_0.2T_f4000hz/rmf-yz-0.2T,/home/ivt/results_matched_0.2T_f4000hz,rmf-yz-0.2T,73,1,0.00018,0.00097,0.00079,0.0006,92405.06329113925,7.860188802083334e-12,10,7.880949797453704e-12,False,1.1756086986949652e+16,1.6798683449074075e-11,5500732457473178.0,9.279337273796616,9.279337273796616,9.279337273796616,9.279337316678534,11.268635241758558,12.455342311557255,27.056719742835217,44.98557919283699,35.215275508242506,9.279337273796616,0.3424657534246575,"1,5,10,25",9.279;13.407;17.535;21.663;25.791;29.919;34.047;38.175;42.303;46.431;50.559,57;3;0;4;3;1;2;1;1;1,0.03417051746640124,0.00069,
openfoam_projects/results/no-mhd,/home/ivt/openfoam_projects/results,no-mhd,66,1,2e-05,0.00098,0.0009599999999999999,0.00032,68750.0,9.138699001736112e-12,10,5.604202835648148e-12,False,7522952663933817.0,1.998562282986111e-11,3439972853749576.0,9.011854089422732,9.279337292280202,9.279337292280202,9.666350368545787,13.09279643278246,26.671970442027604,52.46140527040909,84.48068810648164,67.52569432745801,9.011854089422732,0.030303030303030304,1,9.012;17.217;25.421;33.626;41.831;50.036;58.241;66.446;74.650;82.855;91.060,40;9;5;2;3;2;1;2;1;1,0.049208661043061847,0.00099,
openfoam_projects/results/rmf-xy-0.1T,/home/ivt/openfoam_projects/results,rmf-xy-0.1T,87,1,2e-05,0.001,0.00098,0.00039,88775.51020408164,9.284089265046295e-12,10,6.9467050057870375e-12,False,9562112951489266.0,2.0352737991898147e-11,4361846069036052.0,9.241889643880153,9.279337292280202,9.279337292280202,9.786225965065944,11.374327980048992,25.079243360753726,45.25588385548473,88.83747674261134,69.71410065097896,9.011854089422732,0.011494252873563218,,9.012;17.129;25.246;33.364;41.481;49.598;57.715;65.833;73.950;82.067;90.184,61;4;5;6;4;2;1;0;2;2,0.08237328569634196,0.001,
openfoam_projects/results/rmf-xy-0.2T,/home/ivt/openfoam_projects/results,rmf-xy-0.2T,69,1,4e-05,0.00099,0.00095,0.00038,72631.57894736843,9.368082682291666e-12,10,6.143482349537037e-12,False,7753089016246912.0,2.026095920138889e-11,3584804560604886.5,9.193742667365813,9.279337292280202,9.279337292280202,10.477015953909879,12.313306005779026,30.130144742538697,55.05133492226841,70.06923436687764,57.007429445327936,9.011854089422732,0.014492753623188406,,9.012;15.391;21.770;28.149;34.528;40.907;47.286;53.665;60.044;66.424;72.803,39;9;2;5;1;1;4;4;1;3,0.06886256005398428,0.001,
openfoam_projects/results/rmf-xz-0.1T,/home/ivt/openfoam_projects/results,rmf-xz-0.1T,76,1,2e-05,0.00098,0.0009599999999999999,0.00036,79166.66666666667,9.026475694444445e-12,10,5.760543258101852e-12,False,8770495744578545.0,2.1156593605324073e-11,3741938241265093.0,9.279337292280202,9.279337292280202,9.279337292280202,9.291992446327775,11.248172169442414,20.625798815034003,44.19501323326689,64.51001071551539,51.98709297284054,9.279337292280202,0.25,"1,5,10",9.279;15.625;21.971;28.317;34.663;41.009;47.355;53.701;60.047;66.393;72.739,56;3;3;4;1;4;2;1;1;1,0.039164303195274704,0.00055,
openfoam_projects/results/rmf-xz-0.2T,/home/ivt/openfoam_projects/results,rmf-xz-0.2T,71,1,2e-05,0.00097,0.00095,0.00041,74736.84210526316,8.65936053240741e-12,10,6.368182146990741e-12,False,8630757643773193.0,1.9802065248842594e-11,3774194315900026.5,9.279337292280202,9.279337292280202,9.279337292280202,9.552811953557184,11.69123238361832,34.812067220668425,48.221114249935674,72.04791507669515,57.18855442524645,9.279337292280202,0.22535211267605634,"1,5,10",9.279;16.217;23.155;30.093;37.031;43.969;50.907;57.845;64.782;71.720;78.658,45;4;2;4;5;4;3;0;3;1,0.13788565215011933,0.001,
openfoam_projects/results/rmf-yz-0.1T,/home/ivt/openfoam_projects/results,rmf-yz-0.1T,68,1,5e-05,0.001,0.00095,0.00035000000000000005,71578.94736842105,9.425428602430555e-12,10,5.775101273148148e-12,False,7594237926746678.0,1.9630533854166668e-11,3646306712806392.0,9.191067835337238,9.279337292280202,9.279337292280202,10.594789543946513,15.867443570899214,41.30517862260752,65.3212708390418,88.16135241985194,72.20203618665137,9.011854089422732,0.014705882352941176,,9.012;17.506;26.000;34.495;42.989;51.483;59.977;68.471;76.966;85.460;93.954,37;7;4;6;5;1;1;2;4;1,0.09214584282947456,0.001,
openfoam_projects/results/rmf-yz-0.2T,/home/ivt/openfoam_projects/results,rmf-yz-0.2T,62,1,2e-05,0.001,0.00098,0.000375,63265.30612244898,9.247504340277777e-12,10,5.820041232638889e-12,False,6841338354056789.0,2.039324725115741e-11,3102267399756965.5,9.279337292280202,9.279337292280202,9.279337292280202,9.961737656620077,18.508905069585182,38.53054549904184,64.42802939925558,92.90332994457985,76.04315488045371,9.279337292280202,0.14516129032258066,"1,5,10",9.279;18.199;27.119;36.039;44.959;53.880;62.800;71.720;80.640;89.560;98.480,30;6;9;5;2;2;2;1;4;1,0.057183671457905545,0.00074,
openfoam_projects/results_spot/no-mhd,/home/ivt/openfoam_projects/results_spot,no-mhd,63,1,7e-05,0.00095,0.00088,0.00058,71590.90909090909,8.841652199074074e-12,10,9.701334635416666e-12,False,8097005794732156.0,2.0667317708333335e-11,3463967124386087.5,9.126531711875502,9.279337273796616,9.279337278084808,9.282955490574553,11.550081675787478,25.973937951241716,44.48082064047355,66.63104916680531,52.62412353249591,9.01185408315166,0.015873015873015872,,9.012;15.122;21.233;27.343;33.453;39.563;45.674;51.784;57.894;64.005;70.115,42;2;4;1;5;3;2;1;1;2,0.0623163278191038,0.00096,
openfoam_projects/results_spot/rmf-xy-0.1T,/home/ivt/openfoam_projects/results_spot,rmf-xy-0.1T,58,1,4e-05,0.00099,0.00095,0.00034,61052.63157894737,9.337574146412037e-12,10,6.0529694733796294e-12,False,6538382520090279.0,1.9960304542824074e-11,3058702408470836.0,9.01185408315166,9.279337273796616,9.279337288805287,9.584564218107598,11.691232378184488,36.532511433773436,51.307283085272054,73.44898917614859,55.29637440161542,9.01185408315166,0.034482758620689655,1,9.012;15.488;21.964;28.441;34.917;41.393;47.869;54.346;60.822;67.298;73.774,32;5;4;2;4;1;6;2;0;2,0.043993627710420646,0.00099,
openfoam_projects/results_spot/rmf-xy-0.2T,/home/ivt/openfoam_projects/results_spot,rmf-xy-0.2T,74,1,5e-05,0.001,0.00095,0.00047,77894.73684210527,9.19705765335648e-12,10,7.460033275462963e-12,False,8469527948830186.0,1.9769151475694446e-11,3940216500332572.0,9.243754991990246,9.279337273796616,9.279337273796616,9.28837990968276,12.924375352400109,26.674778819495984,54.55448360729057,100.77624195642115,80.11605594082505,9.147551044884137,0.013513513513513514,,9.148;18.568;27.988;37.408;46.828;56.248;65.668;75.088;84.508;93.928;103.348,50;6;4;3;4;1;1;3;0;2,0.10107520971702762,0.001,
openfoam_projects/results_spot/rmf-xz-0.1T,/home/ivt/openfoam_projects/results_spot,rmf-xz-0.1T,9,1,4e-05,0.00023,0.00019,0.00014,47368.42105263157,2.5579065393518518e-12,10,2.7710865162037037e-12,False,1.851843307169239e+16,3.888255931712963e-12,1.2182433945844588e+16,9.279337273796616,9.279337273796616,9.279337273796616,10.621015669601796,28.545535763116124,38.20965701812202,50.83113160032392,59.93978751468829,50.145288550618936,9.279337273796616,0.2222222222222222,"1,5,10",9.279;14.447;19.614;24.781;29.948;35.116;40.283;45.450;50.617;55.785;60.952,3;0;1;1;1;1;0;1;0;1,0.09232204483117605,0.0001,
openfoam_projects/results_spot/rmf-xz-0.2T,/home/ivt/openfoam_projects/results_spot,rmf-xz-0.2T,92,1,2e-05,0.00094,0.0009199999999999999,0.00051,100000.00000000001,8.38136574074074e-12,10,8.03539134837963e-12,False,1.1931229717599948e+16,1.9819155092592594e-11,5045623768158260.0,9.011854121671721,9.256223944013138,9.279337273796616,9.279337316678534,11.296176880785573,16.72942663603902,38.70932144037625,56.036143564843286,46.27134196619414,9.01185408315166,0.03260869565217391,1,9.012;14.649;20.286;25.923;31.560;37.197;42.834;48.471;54.108;59.745;65.382,68;3;2;4;3;4;3;3;1;1,0.06428776130794162,0.00099,
openfoam_projects/results_spot/rmf-yz-0.1T,/home/ivt/openfoam_projects/results_spot,rmf-yz-0.1T,110,1,2e-05,0.00098,0.0009599999999999999,0.0005549999999999999,114583.33333333334,8.996663411458333e-12,10,8.762659143518519e-12,False,1.273620320033288e+16,2.0935691550925925e-11,5473109548572120.0,7.789082537476104,9.072917748456348,9.279337273796616,9.279337273796616,10.266606907640094,14.80242528376845,30.61006448904614,49.347689249708836,45.04499346595416,7.612328031151125,0.00909090909090909,,7.612;13.585;19.558;25.531;31.504;37.477;43.450;49.423;55.396;61.369;67.342,80;11;5;4;1;2;5;1;0;1,0.05626862339575308,0.0009,
openfoam_projects/results_spot/rmf-yz-0.2T,/home/ivt/openfoam_projects/results_spot,rmf-yz-0.2T,75,1,2e-05,0.00097,0.00095,0.00038,78947.36842105263,8.851906105324073e-12,10,6.054868344907407e-12,False,8918685702457790.0,2.052300347222222e-11,3846774597485572.0,9.011854114475666,9.279337273796616,9.279337282373,9.439181485199077,11.691232360330464,30.38813656840487,50.20224756273234,66.0121010789061,55.744033769930525,9.01185408315166,0.02666666666666667,1,9.012;16.049;23.085;30.122;37.159;44.196;51.232;58.269;65.306;72.343;79.380,46;4;6;4;3;5;2;4;0;1,0.041633910190002815,0.0007,
