case,birth_rate_per_s,V_melt_mean_window_m3,n_V_melt_window_samples,dict_rate,dict_rate_lasttime_DEPRECATED,V_melt_lasttime_m3_DEPRECATED,d_p50_um,d_volume_weighted_um,max_void_fraction
results/azimuthal-0.2T,94047.61904761904,7.928041811342594e-12,10,1.1862654270196428e+16,5528519489355497.0,1.7011357060185186e-11,11.105668280899998,53.20223896469302,0.02200491161728073
results/azimuthal-1T-3ms,112416.10738255034,3.56177662037037e-11,10,3156180731257110.5,1655462157537937.8,6.790617766203704e-11,10.901221051763574,31.604014526644765,0.011460637492357767
results/azimuthal-1T-rampdown,30909.09090909091,1.947356047453704e-12,10,1.5872336725226278e+16,9.390929070929073e+17,3.2913773148148145e-14,10.512589506366727,21.943329746955825,0.007395843666509783
results/azimuthal-1T-reversed,21276.595744680853,6.646683304398148e-13,10,3.2010846267644508e+16,5.6024316109422496e+17,3.797743055555556e-14,10.731837821264213,21.597652504265884,0.08265977127411052
results_dc_0.2T/dc-bx-0.2T,96774.19354838709,8.580006691261576e-11,10,1127903474095749.5,881817513243037.0,1.0974401403356482e-10,10.622189555133506,31.944304516550638,0.005176231728846099
results_matched_0.2T_f4000hz/dc-bx-0.2T,67901.23456790124,7.955258969907406e-12,10,8535389586279120.0,4160088047318047.5,1.632206669560185e-11,11.182261480939143,44.54655362845957,0.01766574336674746
results_matched_0.2T_f4000hz/dc-by-0.2T,102247.19101123595,7.74948459201389e-12,10,1.3194063398307184e+16,6065137658800569.0,1.6858181423611112e-11,11.001870903490843,33.93731721725484,0.04458290719241432
results_matched_0.2T_f4000hz/dc-bz-0.2T,47126.4367816092,7.454906322337963e-12,10,6321533060770868.0,2893005293614128.5,1.628978587962963e-11,15.506694166420042,55.315372765014125,0.05780222277828174
results_matched_0.2T_f4000hz/no-mhd,91954.02298850575,7.802842881944445e-12,10,1.178468211903699e+16,5356618387619940.0,1.7166431568287038e-11,11.369178051047585,52.36222788995049,0.04701246534359113
results_matched_0.2T_f4000hz/rmf-xy-0.2T,32894.73684210526,2.2620623553240744e-12,10,1.4541923110423096e+16,2.351580308236655e+17,1.3988353587962962e-13,11.691232360330464,51.42344863666316,0.08618483405161026
results_matched_0.2T_f4000hz/rmf-xz-0.2T,104819.27710843373,7.581814236111111e-12,10,1.3825091705517436e+16,6264989917352175.0,1.673095703125e-11,11.182261473556892,39.15287057076105,0.02201654978500501
results_matched_0.2T_f4000hz/rmf-yz-0.2T,92405.06329113925,7.860188802083334e-12,10,1.1756086986949652e+16,5500732457473178.0,1.6798683449074075e-11,11.268635241758558,35.215275508242506,0.03417051746640124
openfoam_projects/results/no-mhd,68750.0,9.138699001736112e-12,10,7522952663933817.0,3439972853749576.0,1.998562282986111e-11,13.09279643278246,67.52569432745801,0.049208661043061847
openfoam_projects/results/rmf-xy-0.1T,88775.51020408164,9.284089265046295e-12,10,9562112951489266.0,4361846069036052.0,2.0352737991898147e-11,11.374327980048992,69.71410065097896,0.08237328569634196
openfoam_projects/results/rmf-xy-0.2T,72631.57894736843,9.368082682291666e-12,10,7753089016246912.0,3584804560604886.5,2.026095920138889e-11,12.313306005779026,57.007429445327936,0.06886256005398428
openfoam_projects/results/rmf-xz-0.1T,79166.66666666667,9.026475694444445e-12,10,8770495744578545.0,3741938241265093.0,2.1156593605324073e-11,11.248172169442414,51.98709297284054,0.039164303195274704
openfoam_projects/results/rmf-xz-0.2T,74736.84210526316,8.65936053240741e-12,10,8630757643773193.0,3774194315900026.5,1.9802065248842594e-11,11.69123238361832,57.18855442524645,0.13788565215011933
openfoam_projects/results/rmf-yz-0.1T,71578.94736842105,9.425428602430555e-12,10,7594237926746678.0,3646306712806392.0,1.9630533854166668e-11,15.867443570899214,72.20203618665137,0.09214584282947456
openfoam_projects/results/rmf-yz-0.2T,63265.30612244898,9.247504340277777e-12,10,6841338354056789.0,3102267399756965.5,2.039324725115741e-11,18.508905069585182,76.04315488045371,0.057183671457905545
openfoam_projects/results_spot/no-mhd,71590.90909090909,8.841652199074074e-12,10,8097005794732156.0,3463967124386087.5,2.0667317708333335e-11,11.550081675787478,52.62412353249591,0.0623163278191038
openfoam_projects/results_spot/rmf-xy-0.1T,61052.63157894737,9.337574146412037e-12,10,6538382520090279.0,3058702408470836.0,1.9960304542824074e-11,11.691232378184488,55.29637440161542,0.043993627710420646
openfoam_projects/results_spot/rmf-xy-0.2T,77894.73684210527,9.19705765335648e-12,10,8469527948830186.0,3940216500332572.0,1.9769151475694446e-11,12.924375352400109,80.11605594082505,0.10107520971702762
openfoam_projects/results_spot/rmf-xz-0.1T,47368.42105263157,2.5579065393518518e-12,10,1.851843307169239e+16,1.2182433945844588e+16,3.888255931712963e-12,28.545535763116124,50.145288550618936,0.09232204483117605
openfoam_projects/results_spot/rmf-xz-0.2T,100000.00000000001,8.38136574074074e-12,10,1.1931229717599948e+16,5045623768158260.0,1.9819155092592594e-11,11.296176880785573,46.27134196619414,0.06428776130794162
openfoam_projects/results_spot/rmf-yz-0.1T,114583.33333333334,8.996663411458333e-12,10,1.273620320033288e+16,5473109548572120.0,2.0935691550925925e-11,10.266606907640094,45.04499346595416,0.05626862339575308
openfoam_projects/results_spot/rmf-yz-0.2T,78947.36842105263,8.851906105324073e-12,10,8918685702457790.0,3846774597485572.0,2.052300347222222e-11,11.691232360330464,55.744033769930525,0.041633910190002815
