root,root_label,case,case_id,n_time_dirs,t_min,t_max,latest_time_dir,has_U,has_J_MHD,has_epsilon1,has_T,has_alpha.metal,ni,nj,nk,ncells,Lx_m,Ly_m,Lz_m,domain_vol_m3,avg_cell_vol_m3,V_melt_m3,n_liquid_cells,V_melt_error,mhd_dict_active,mhd_dict_B0,mhd_dict_frequency,mhd_dict_rotationPlane,is_nomhd_by_name
/home/ivt/results,results,azimuthal-0.2T,results/azimuthal-0.2T,101,0.0,0.001,0.001,True,True,True,True,True,60,96,48,276480,0.0005,0.0007,0.0005,1.75e-10,6.329571759259259e-16,1.7011357060185186e-11,26876,,true,0.2,0,xy,False
/home/ivt/results,results,azimuthal-1T-3ms,results/azimuthal-1T-3ms,301,0.0,0.003,0.003,True,True,True,True,True,60,96,48,276480,0.0005,0.0007,0.0005,1.75e-10,6.329571759259259e-16,6.790617766203704e-11,107284,,true,1,0,xy,False
/home/ivt/results,results,azimuthal-1T-rampdown,results/azimuthal-1T-rampdown,201,0.0,0.002,0.002,True,True,True,True,True,60,96,48,276480,0.0005,0.0007,0.0005,1.75e-10,6.329571759259259e-16,3.2913773148148145e-14,52,,true,1,0,xy,False
/home/ivt/results,results,azimuthal-1T-reversed,results/azimuthal-1T-reversed,201,0.0,0.002,0.002,True,True,True,True,True,60,96,48,276480,0.0005,0.0007,0.0005,1.75e-10,6.329571759259259e-16,3.797743055555556e-14,60,,true,-1,0,xy,False
/home/ivt/results_dc_0.2T,results_dc_0.2T,dc-bx-0.2T,results_dc_0.2T/dc-bx-0.2T,251,0.0,0.0025,0.0025,True,True,True,True,True,60,96,48,276480,0.0005,0.0007,0.0005,1.75e-10,6.329571759259259e-16,1.0974401403356482e-10,173383,,true,0.2,0,xy,False
/home/ivt/results_dc_0.2T,results_dc_0.2T,dc-by-0.2T,results_dc_0.2T/dc-by-0.2T,251,0.0,0.0025,0.0025,True,True,True,True,True,60,96,48,276480,0.0005,0.0007,0.0005,1.75e-10,6.329571759259259e-16,1.0974401403356482e-10,173383,,true,0.2,0,xy,False
/home/ivt/results_dc_0.2T,results_dc_0.2T,dc-bz-0.2T,results_dc_0.2T/dc-bz-0.2T,251,0.0,0.0025,0.0025,True,True,True,True,True,60,96,48,276480,0.0005,0.0007,0.0005,1.75e-10,6.329571759259259e-16,1.0974401403356482e-10,173383,,true,0.2,0,xy,False
/home/ivt/results_matched_0.2T_f4000hz,results_matched_0.2T_f4000hz,dc-bx-0.2T,results_matched_0.2T_f4000hz/dc-bx-0.2T,101,0.0,0.001,0.001,True,True,True,True,True,60,96,48,276480,0.0005,0.0007,0.0005,1.75e-10,6.329571759259259e-16,1.632206669560185e-11,25787,,true,0.2,0,xy,False
/home/ivt/results_matched_0.2T_f4000hz,results_matched_0.2T_f4000hz,dc-by-0.2T,results_matched_0.2T_f4000hz/dc-by-0.2T,101,0.0,0.001,0.001,True,True,True,True,True,60,96,48,276480,0.0005,0.0007,0.0005,1.75e-10,6.329571759259259e-16,1.6858181423611112e-11,26634,,true,0.2,0,xy,False
/home/ivt/results_matched_0.2T_f4000hz,results_matched_0.2T_f4000hz,dc-bz-0.2T,results_matched_0.2T_f4000hz/dc-bz-0.2T,101,0.0,0.001,0.001,True,True,True,True,True,60,96,48,276480,0.0005,0.0007,0.0005,1.75e-10,6.329571759259259e-16,1.628978587962963e-11,25736,,true,0.2,0,xy,False
/home/ivt/results_matched_0.2T_f4000hz,results_matched_0.2T_f4000hz,no-mhd,results_matched_0.2T_f4000hz/no-mhd,101,0.0,0.001,0.001,True,True,True,True,True,60,96,48,276480,0.0005,0.0007,0.0005,1.75e-10,6.329571759259259e-16,1.7166431568287038e-11,27121,,false,0,0,xy,True
/home/ivt/results_matched_0.2T_f4000hz,results_matched_0.2T_f4000hz,rmf-xy-0.2T,results_matched_0.2T_f4000hz/rmf-xy-0.2T,101,0.0,0.001,0.001,True,True,True,True,True,60,96,48,276480,0.0005,0.0007,0.0005,1.75e-10,6.329571759259259e-16,1.3988353587962962e-13,221,,true,0.2,4000,xy,False
/home/ivt/results_matched_0.2T_f4000hz,results_matched_0.2T_f4000hz,rmf-xz-0.2T,results_matched_0.2T_f4000hz/rmf-xz-0.2T,101,0.0,0.001,0.001,True,True,True,True,True,60,96,48,276480,0.0005,0.0007,0.0005,1.75e-10,6.329571759259259e-16,1.673095703125e-11,26433,,true,0.2,4000,xz,False
/home/ivt/results_matched_0.2T_f4000hz,results_matched_0.2T_f4000hz,rmf-yz-0.2T,results_matched_0.2T_f4000hz/rmf-yz-0.2T,101,0.0,0.001,0.001,True,True,True,True,True,60,96,48,276480,0.0005,0.0007,0.0005,1.75e-10,6.329571759259259e-16,1.6798683449074075e-11,26540,,true,0.2,4000,yz,False
/home/ivt/openfoam_projects/results,openfoam_projects/results,no-mhd,openfoam_projects/results/no-mhd,101,0.0,0.001,0.001,True,True,True,True,True,60,96,48,276480,0.0005,0.0007,0.0005,1.75e-10,6.329571759259259e-16,1.998562282986111e-11,31575,,true,0.1,400,xy,True
/home/ivt/openfoam_projects/results,openfoam_projects/results,rmf-xy-0.1T,openfoam_projects/results/rmf-xy-0.1T,101,0.0,0.001,0.001,True,True,True,True,True,60,96,48,276480,0.0005,0.0007,0.0005,1.75e-10,6.329571759259259e-16,2.0352737991898147e-11,32155,,true,0.1,400,xy,False
/home/ivt/openfoam_projects/results,openfoam_projects/results,rmf-xy-0.2T,openfoam_projects/results/rmf-xy-0.2T,101,0.0,0.001,0.001,True,True,True,True,True,60,96,48,276480,0.0005,0.0007,0.0005,1.75e-10,6.329571759259259e-16,2.026095920138889e-11,32010,,true,0.1,400,xy,False
/home/ivt/openfoam_projects/results,openfoam_projects/results,rmf-xz-0.1T,openfoam_projects/results/rmf-xz-0.1T,101,0.0,0.001,0.001,True,True,True,True,True,60,96,48,276480,0.0005,0.0007,0.0005,1.75e-10,6.329571759259259e-16,2.1156593605324073e-11,33425,,true,0.1,400,xy,False
/home/ivt/openfoam_projects/results,openfoam_projects/results,rmf-xz-0.2T,openfoam_projects/results/rmf-xz-0.2T,101,0.0,0.001,0.001,True,True,True,True,True,60,96,48,276480,0.0005,0.0007,0.0005,1.75e-10,6.329571759259259e-16,1.9802065248842594e-11,31285,,true,0.1,400,xy,False
/home/ivt/openfoam_projects/results,openfoam_projects/results,rmf-yz-0.1T,openfoam_projects/results/rmf-yz-0.1T,101,0.0,0.001,0.001,True,True,True,True,True,60,96,48,276480,0.0005,0.0007,0.0005,1.75e-10,6.329571759259259e-16,1.9630533854166668e-11,31014,,true,0.1,400,xy,False
/home/ivt/openfoam_projects/results,openfoam_projects/results,rmf-yz-0.2T,openfoam_projects/results/rmf-yz-0.2T,101,0.0,0.001,0.001,True,True,True,True,True,60,96,48,276480,0.0005,0.0007,0.0005,1.75e-10,6.329571759259259e-16,2.039324725115741e-11,32219,,true,0.1,400,xy,False
/home/ivt/openfoam_projects/results_spot,openfoam_projects/results_spot,no-mhd,openfoam_projects/results_spot/no-mhd,101,0.0,0.001,0.001,True,True,True,True,True,60,96,48,276480,0.0005,0.0007,0.0005,1.75e-10,6.329571759259259e-16,2.0667317708333335e-11,32652,,true,0.1,400,xy,True
/home/ivt/openfoam_projects/results_spot,openfoam_projects/results_spot,rmf-xy-0.1T,openfoam_projects/results_spot/rmf-xy-0.1T,101,0.0,0.001,0.001,True,True,True,True,True,60,96,48,276480,0.0005,0.0007,0.0005,1.75e-10,6.329571759259259e-16,1.9960304542824074e-11,31535,,true,0.1,400,xy,False
/home/ivt/openfoam_projects/results_spot,openfoam_projects/results_spot,rmf-xy-0.2T,openfoam_projects/results_spot/rmf-xy-0.2T,101,0.0,0.001,0.001,True,True,True,True,True,60,96,48,276480,0.0005,0.0007,0.0005,1.75e-10,6.329571759259259e-16,1.9769151475694446e-11,31233,,true,0.1,400,xy,False
/home/ivt/openfoam_projects/results_spot,openfoam_projects/results_spot,rmf-xz-0.1T,openfoam_projects/results_spot/rmf-xz-0.1T,24,0.0,0.00023,0.00023,True,True,True,True,True,60,96,48,276480,0.0005,0.0007,0.0005,1.75e-10,6.329571759259259e-16,3.888255931712963e-12,6143,,true,0.1,400,xy,False
/home/ivt/openfoam_projects/results_spot,openfoam_projects/results_spot,rmf-xz-0.2T,openfoam_projects/results_spot/rmf-xz-0.2T,101,0.0,0.001,0.001,True,True,True,True,True,60,96,48,276480,0.0005,0.0007,0.0005,1.75e-10,6.329571759259259e-16,1.9819155092592594e-11,31312,,true,0.1,400,xy,False
/home/ivt/openfoam_projects/results_spot,openfoam_projects/results_spot,rmf-yz-0.1T,openfoam_projects/results_spot/rmf-yz-0.1T,101,0.0,0.001,0.001,True,True,True,True,True,60,96,48,276480,0.0005,0.0007,0.0005,1.75e-10,6.329571759259259e-16,2.0935691550925925e-11,33076,,true,0.1,400,xy,False
/home/ivt/openfoam_projects/results_spot,openfoam_projects/results_spot,rmf-yz-0.2T,openfoam_projects/results_spot/rmf-yz-0.2T,101,0.0,0.001,0.001,True,True,True,True,True,60,96,48,276480,0.0005,0.0007,0.0005,1.75e-10,6.329571759259259e-16,2.052300347222222e-11,32424,,true,0.1,400,xy,False
/home/ivt/openfoam_projects/results_weld_s5e6,openfoam_projects/results_weld_s5e6,no-mhd,openfoam_projects/results_weld_s5e6/no-mhd,101,0.0,0.001,0.001,True,True,True,True,True,60,96,48,276480,0.0005,0.0007,0.0005,1.75e-10,6.329571759259259e-16,2.0802770543981482e-11,32866,,true,0.2,400,yz,True
/home/ivt/openfoam_projects/results_weld_s5e6,openfoam_projects/results_weld_s5e6,rmf-xy-0.1T,openfoam_projects/results_weld_s5e6/rmf-xy-0.1T,101,0.0,0.001,0.001,True,True,True,True,True,60,96,48,276480,0.0005,0.0007,0.0005,1.75e-10,6.329571759259259e-16,2.106101707175926e-11,33274,,true,0.2,400,yz,False
/home/ivt/openfoam_projects/results_weld_s5e6,openfoam_projects/results_weld_s5e6,rmf-xy-0.2T,openfoam_projects/results_weld_s5e6/rmf-xy-0.2T,101,0.0,0.001,0.001,True,True,True,True,True,60,96,48,276480,0.0005,0.0007,0.0005,1.75e-10,6.329571759259259e-16,2.0865433304398147e-11,32965,,true,0.2,400,yz,False
/home/ivt/openfoam_projects/results_weld_s5e6,openfoam_projects/results_weld_s5e6,rmf-xz-0.1T,openfoam_projects/results_weld_s5e6/rmf-xz-0.1T,101,0.0,0.001,0.001,True,True,True,True,True,60,96,48,276480,0.0005,0.0007,0.0005,1.75e-10,6.329571759259259e-16,2.0943287037037036e-11,33088,,true,0.2,400,yz,False
/home/ivt/openfoam_projects/results_weld_s5e6,openfoam_projects/results_weld_s5e6,rmf-xz-0.2T,openfoam_projects/results_weld_s5e6/rmf-xz-0.2T,101,0.0,0.001,0.001,True,True,True,True,True,60,96,48,276480,0.0005,0.0007,0.0005,1.75e-10,6.329571759259259e-16,2.0067907262731483e-11,31705,,true,0.2,400,yz,False
/home/ivt/openfoam_projects/results_weld_s5e6,openfoam_projects/results_weld_s5e6,rmf-yz-0.1T,openfoam_projects/results_weld_s5e6/rmf-yz-0.1T,101,0.0,0.001,0.001,True,True,True,True,True,60,96,48,276480,0.0005,0.0007,0.0005,1.75e-10,6.329571759259259e-16,2.1059118200231482e-11,33271,,true,0.2,400,yz,False
/home/ivt/openfoam_projects/results_weld_s5e6,openfoam_projects/results_weld_s5e6,rmf-yz-0.2T,openfoam_projects/results_weld_s5e6/rmf-yz-0.2T,101,0.0,0.001,0.001,True,True,True,True,True,60,96,48,276480,0.0005,0.0007,0.0005,1.75e-10,6.329571759259259e-16,2.1001519097222224e-11,33180,,true,0.2,400,yz,False
